{"elements":[{"from":[4.0077715,3.432641,2.3894777],"to":[5.5821714,6.778241,3.9638777],"rotation":{"angle":-22.5,"axis":"x","origin":[7.9437714,5.1917334,2.9521046]},"faces":{"east":{"uv":[4.0,8.1875,3.90625,8.375],"rotation":0,"texture":"#0","tintindex":0},"south":{"uv":[4.78125,8.0625,4.6875,8.25],"rotation":0,"texture":"#0","tintindex":0},"north":{"uv":[0.6875,7.40625,0.59375,7.59375],"rotation":0,"texture":"#0","tintindex":0},"west":{"uv":[7.15625,8.03125,7.0625,8.21875],"rotation":0,"texture":"#0","tintindex":0},"up":{"uv":[6.59375,3.0625,6.6875,2.96875],"rotation":0,"texture":"#0","tintindex":0},"down":{"uv":[2.40625,6.875,2.5,6.96875],"rotation":0,"texture":"#0","tintindex":0}}},{"from":[10.305371,3.432641,2.3894777],"to":[11.879771,6.778241,3.9638777],"rotation":{"angle":-22.5,"axis":"x","origin":[7.9437714,5.1917334,2.9521046]},"faces":{"east":{"uv":[2.125,8.75,2.03125,8.9375],"rotation":0,"texture":"#0","tintindex":0},"south":{"uv":[4.9375,8.6875,4.84375,8.875],"rotation":0,"texture":"#0","tintindex":0},"north":{"uv":[8.28125,5.59375,8.1875,5.78125],"rotation":0,"texture":"#0","tintindex":0},"west":{"uv":[8.1875,8.65625,8.09375,8.84375],"rotation":0,"texture":"#0","tintindex":0},"up":{"uv":[7.25,4.03125,7.34375,3.9375],"rotation":0,"texture":"#0","tintindex":0},"down":{"uv":[5.5,7.25,5.59375,7.34375],"rotation":0,"texture":"#0","tintindex":0}}},{"from":[6.7629714,4.8216333,1.3920679],"to":[9.124572,7.9704337,4.540868],"rotation":{"angle":0.0,"axis":"x","origin":[7.9437714,5.1917334,2.9521046]},"faces":{"east":{"uv":[8.75,2.09375,8.5625,2.28125],"rotation":0,"texture":"#0","tintindex":0},"south":{"uv":[8.875,1.4375,8.75,1.625],"rotation":0,"texture":"#0","tintindex":0},"north":{"uv":[0.40625,8.71875,0.28125,8.90625],"rotation":0,"texture":"#0","tintindex":0},"west":{"uv":[2.125,8.5625,1.9375,8.75],"rotation":0,"texture":"#0","tintindex":0},"up":{"uv":[1.46875,8.9375,1.59375,8.75],"rotation":0,"texture":"#0","tintindex":0},"down":{"uv":[1.59375,8.75,1.71875,8.9375],"rotation":0,"texture":"#0","tintindex":0}}},{"from":[7.1565714,2.5102015,1.6907682],"to":[8.730971,5.6590014,3.2651687],"rotation":{"angle":-22.5,"axis":"x","origin":[7.9437714,5.1917334,2.9521046]},"faces":{"east":{"uv":[8.875,6.875,8.78125,7.0625],"rotation":0,"texture":"#0","tintindex":0},"south":{"uv":[8.875,5.9375,8.78125,6.125],"rotation":0,"texture":"#0","tintindex":0},"north":{"uv":[3.21875,8.75,3.125,8.9375],"rotation":0,"texture":"#0","tintindex":0},"west":{"uv":[4.3125,8.78125,4.21875,8.96875],"rotation":0,"texture":"#0","tintindex":0},"up":{"uv":[7.25,5.625,7.34375,5.53125],"rotation":0,"texture":"#0","tintindex":0},"down":{"uv":[7.28125,2.5,7.375,2.59375],"rotation":0,"texture":"#0","tintindex":0}}},{"from":[3.614171,3.0020576,8.735938],"to":[12.273372,10.874058,13.065538],"rotation":{"angle":-45.0,"axis":"x","origin":[10.108572,6.769372,7.7519383]},"faces":{"east":{"uv":[6.84375,6.34375,6.59375,6.78125],"rotation":0,"texture":"#0","tintindex":0},"south":{"uv":[3.375,5.125,2.90625,5.5625],"rotation":0,"texture":"#0","tintindex":0},"north":{"uv":[2.90625,5.0625,2.4375,5.5],"rotation":0,"texture":"#0","tintindex":0},"west":{"uv":[2.0,6.59375,1.75,7.03125],"rotation":0,"texture":"#0","tintindex":0},"up":{"uv":[6.5625,6.34375,7.03125,6.09375],"rotation":0,"texture":"#0","tintindex":0},"down":{"uv":[6.59375,2.71875,7.0625,2.96875],"rotation":0,"texture":"#0","tintindex":0}}},{"from":[4.4013715,9.346516,8.735938],"to":[11.486172,15.644115,13.065538],"rotation":{"angle":0.0,"axis":"y","origin":[10.108572,6.769372,7.7519383]},"faces":{"east":{"uv":[4.84375,7.375,4.59375,7.71875],"rotation":0,"texture":"#0","tintindex":0},"south":{"uv":[6.1875,5.875,5.78125,6.21875],"rotation":0,"texture":"#0","tintindex":0},"north":{"uv":[5.15625,5.8125,4.75,6.15625],"rotation":0,"texture":"#0","tintindex":0},"west":{"uv":[4.59375,7.375,4.34375,7.71875],"rotation":0,"texture":"#0","tintindex":0},"up":{"uv":[2.0,6.9375,2.40625,6.6875],"rotation":0,"texture":"#0","tintindex":0},"down":{"uv":[6.71875,1.28125,7.125,1.53125],"rotation":0,"texture":"#0","tintindex":0}}},{"from":[3.614171,6.691843,1.7872081],"to":[12.273372,9.840643,9.659208],"rotation":{"angle":-22.5,"axis":"x","origin":[7.9437714,6.691843,1.3936086]},"faces":{"east":{"uv":[5.9375,7.53125,5.5,7.71875],"rotation":0,"texture":"#0","tintindex":0},"south":{"uv":[5.96875,7.34375,5.5,7.53125],"rotation":0,"texture":"#0","tintindex":0},"north":{"uv":[4.34375,7.34375,3.875,7.53125],"rotation":0,"texture":"#0","tintindex":0},"west":{"uv":[4.28125,7.53125,3.84375,7.71875],"rotation":0,"texture":"#0","tintindex":0},"up":{"uv":[3.375,5.5625,3.84375,5.125],"rotation":0,"texture":"#0","tintindex":0},"down":{"uv":[3.84375,5.125,4.3125,5.5625],"rotation":0,"texture":"#0","tintindex":0}}},{"from":[12.273372,5.511043,2.574408],"to":[15.028572,9.447043,8.084808],"rotation":{"angle":-22.5,"axis":"x","origin":[7.9437714,6.691843,1.3936086]},"faces":{"east":{"uv":[6.25,7.6875,5.9375,7.90625],"rotation":0,"texture":"#0","tintindex":0},"south":{"uv":[1.125,8.59375,0.96875,8.8125],"rotation":0,"texture":"#0","tintindex":0},"north":{"uv":[8.75,0.15625,8.59375,0.375],"rotation":0,"texture":"#0","tintindex":0},"west":{"uv":[3.71875,7.6875,3.40625,7.90625],"rotation":0,"texture":"#0","tintindex":0},"up":{"uv":[7.9375,8.34375,8.09375,8.03125],"rotation":0,"texture":"#0","tintindex":0},"down":{"uv":[4.0,8.0625,4.15625,8.375],"rotation":0,"texture":"#0","tintindex":0}}},{"from":[0.85897064,5.511043,2.574408],"to":[3.614171,9.447043,8.084808],"rotation":{"angle":-22.5,"axis":"x","origin":[7.9437714,6.691843,1.3936086]},"faces":{"east":{"uv":[4.03125,7.71875,3.71875,7.9375],"rotation":0,"texture":"#0","tintindex":0},"south":{"uv":[1.28125,8.59375,1.125,8.8125],"rotation":0,"texture":"#0","tintindex":0},"north":{"uv":[8.75,0.96875,8.59375,1.1875],"rotation":0,"texture":"#0","tintindex":0},"west":{"uv":[0.90625,7.71875,0.59375,7.9375],"rotation":0,"texture":"#0","tintindex":0},"up":{"uv":[4.15625,8.375,4.3125,8.0625],"rotation":0,"texture":"#0","tintindex":0},"down":{"uv":[4.3125,8.0625,4.46875,8.375],"rotation":0,"texture":"#0","tintindex":0}}},{"from":[5.188571,9.840643,1.3936086],"to":[10.698972,12.989443,9.659208],"rotation":{"angle":-22.5,"axis":"x","origin":[7.9437714,6.691843,1.3936086]},"faces":{"east":{"uv":[7.8125,5.71875,7.34375,5.90625],"rotation":0,"texture":"#0","tintindex":0},"south":{"uv":[7.71875,7.84375,7.40625,8.03125],"rotation":0,"texture":"#0","tintindex":0},"north":{"uv":[7.15625,7.84375,6.84375,8.03125],"rotation":0,"texture":"#0","tintindex":0},"west":{"uv":[7.8125,5.53125,7.34375,5.71875],"rotation":0,"texture":"#0","tintindex":0},"up":{"uv":[0.0,6.28125,0.3125,5.8125],"rotation":0,"texture":"#0","tintindex":0},"down":{"uv":[0.3125,5.8125,0.625,6.28125],"rotation":0,"texture":"#0","tintindex":0}}},{"from":[1.2525716,9.053443,7.6912084],"to":[14.634972,14.563844,13.201609],"rotation":{"angle":-22.5,"axis":"x","origin":[7.1565714,6.691843,1.3936086]},"faces":{"east":{"uv":[0.6875,7.09375,0.375,7.40625],"rotation":0,"texture":"#0","tintindex":0},"south":{"uv":[5.3125,1.9375,4.5625,2.25],"rotation":0,"texture":"#0","tintindex":0},"north":{"uv":[0.75,4.53125,0.0,4.84375],"rotation":0,"texture":"#0","tintindex":0},"west":{"uv":[5.0625,7.0625,4.75,7.375],"rotation":0,"texture":"#0","tintindex":0},"up":{"uv":[4.5625,2.5625,5.3125,2.25],"rotation":0,"texture":"#0","tintindex":0},"down":{"uv":[4.625,0.375,5.375,0.6875],"rotation":0,"texture":"#0","tintindex":0}}},{"from":[2.039771,12.989443,2.968008],"to":[13.847772,15.744643,9.659208],"rotation":{"angle":-22.5,"axis":"x","origin":[7.9437714,6.691843,1.3936086]},"faces":{"east":{"uv":[8.28125,0.0,7.90625,0.15625],"rotation":0,"texture":"#0","tintindex":0},"south":{"uv":[7.375,1.125,6.71875,1.28125],"rotation":0,"texture":"#0","tintindex":0},"north":{"uv":[7.375,0.96875,6.71875,1.125],"rotation":0,"texture":"#0","tintindex":0},"west":{"uv":[8.09375,7.875,7.71875,8.03125],"rotation":0,"texture":"#0","tintindex":0},"up":{"uv":[3.84375,4.34375,4.5,3.96875],"rotation":0,"texture":"#0","tintindex":0},"down":{"uv":[4.0,0.0,4.65625,0.375],"rotation":0,"texture":"#0","tintindex":0}}},{"from":[13.847772,8.266243,2.968008],"to":[16.209372,14.170244,9.659208],"rotation":{"angle":-22.5,"axis":"x","origin":[7.9437714,6.691843,1.3936086]},"faces":{"east":{"uv":[5.5,6.28125,5.125,6.625],"rotation":0,"texture":"#0","tintindex":0},"south":{"uv":[7.375,8.34375,7.25,8.6875],"rotation":0,"texture":"#0","tintindex":0},"north":{"uv":[8.46875,7.21875,8.34375,7.5625],"rotation":0,"texture":"#0","tintindex":0},"west":{"uv":[0.375,6.28125,0.0,6.625],"rotation":0,"texture":"#0","tintindex":0},"up":{"uv":[5.625,8.65625,5.75,8.28125],"rotation":0,"texture":"#0","tintindex":0},"down":{"uv":[5.75,8.28125,5.875,8.65625],"rotation":0,"texture":"#0","tintindex":0}}},{"from":[-0.32182884,8.266243,2.968008],"to":[2.039771,14.170244,9.659208],"rotation":{"angle":-22.5,"axis":"x","origin":[7.9437714,6.691843,1.3936086]},"faces":{"east":{"uv":[2.5,6.34375,2.125,6.6875],"rotation":0,"texture":"#0","tintindex":0},"south":{"uv":[7.625,8.34375,7.5,8.6875],"rotation":0,"texture":"#0","tintindex":0},"north":{"uv":[7.5,8.34375,7.375,8.6875],"rotation":0,"texture":"#0","tintindex":0},"west":{"uv":[1.21875,6.3125,0.84375,6.65625],"rotation":0,"texture":"#0","tintindex":0},"up":{"uv":[8.28125,8.59375,8.40625,8.21875],"rotation":0,"texture":"#0","tintindex":0},"down":{"uv":[8.3125,0.65625,8.4375,1.03125],"rotation":0,"texture":"#0","tintindex":0}}}],"textures":{"0":"modelengine:entity/toro_wither"},"display":{"head":{"translation":[0.0,-6.4,0.0],"scale":[4.0,4.0,4.0]}}}