{"textures":{"2":"modelengine:entity/voras_pet_teal"},"elements":[{"from":[8.0,5.714286,6.857143],"to":[14.857143,8.0,9.142858],"rotation":{"angle":0.0,"axis":"y","origin":[2.8571424,5.714286,13.142858]},"faces":{"east":{"uv":[3.0,9.75,3.5,10.25],"rotation":0,"texture":"#2","tintindex":0},"south":{"uv":[8.0,1.75,9.5,2.25],"rotation":0,"texture":"#2","tintindex":0},"north":{"uv":[6.75,3.375,8.25,3.875],"rotation":0,"texture":"#2","tintindex":0},"west":{"uv":[9.75,3.375,10.25,3.875],"rotation":0,"texture":"#2","tintindex":0},"up":{"uv":[9.625,7.5,8.125,7.0],"rotation":0,"texture":"#2","tintindex":0},"down":{"uv":[9.75,3.375,8.25,3.875],"rotation":0,"texture":"#2","tintindex":0}}},{"from":[8.808122,9.950979,6.285714],"to":[11.093837,9.950979,9.714286],"rotation":{"angle":45.0,"axis":"z","origin":[11.665265,9.950979,7.428571]},"faces":{"east":{"uv":[0.0,0.0,0.75,0.0],"rotation":0,"texture":"#2","tintindex":0},"south":{"uv":[0.0,0.0,0.5,0.0],"rotation":0,"texture":"#2","tintindex":0},"north":{"uv":[0.0,0.0,0.5,0.0],"rotation":0,"texture":"#2","tintindex":0},"west":{"uv":[0.0,0.0,0.75,0.0],"rotation":0,"texture":"#2","tintindex":0},"up":{"uv":[5.0,7.125,4.5,6.375],"rotation":0,"texture":"#2","tintindex":0},"down":{"uv":[4.5,7.375,4.0,8.125],"rotation":0,"texture":"#2","tintindex":0}}},{"from":[12.571428,5.714286,6.285714],"to":[15.428572,9.142858,9.714286],"rotation":{"angle":45.0,"axis":"z","origin":[13.428572,7.428571,8.0]},"faces":{"east":{"uv":[3.0,8.375,3.75,9.125],"rotation":0,"texture":"#2","tintindex":0},"south":{"uv":[4.625,9.0,5.25,9.75],"rotation":0,"texture":"#2","tintindex":0},"north":{"uv":[4.0,9.0,4.625,9.75],"rotation":0,"texture":"#2","tintindex":0},"west":{"uv":[8.5,3.875,9.25,4.625],"rotation":0,"texture":"#2","tintindex":0},"up":{"uv":[9.75,0.75,9.125,0.0],"rotation":0,"texture":"#2","tintindex":0},"down":{"uv":[2.5,9.125,1.875,9.875],"rotation":0,"texture":"#2","tintindex":0}}}],"display":{"head":{"translation":[0.0,-6.4,0.0],"scale":[4.0,4.0,4.0]}}}