{"stats":{"minecraft:picked_up":{"minecraft:cobblestone_slab":1,"minecraft:red_bed":1},"minecraft:custom":{"minecraft:jump":51,"minecraft:time_since_rest":671,"minecraft:leave_game":1,"minecraft:sprint_one_cm":3293,"minecraft:play_time":4289,"minecraft:deaths":2,"minecraft:time_since_death":645,"minecraft:walk_one_cm":2243,"minecraft:sneak_time":429,"minecraft:total_world_time":4555,"minecraft:fly_one_cm":114215},"minecraft:used":{"minecraft:stone":3,"minecraft:cobblestone_slab":1,"minecraft:red_bed":2}},"DataVersion":3218}