{"stats":{"minecraft:killed_by":{"minecraft:player":2},"minecraft:mined":{"minecraft:grass":2},"minecraft:custom":{"minecraft:jump":114,"minecraft:time_since_rest":1159,"minecraft:damage_dealt":160,"minecraft:damage_taken":1900,"minecraft:leave_game":3,"minecraft:play_time":64965,"minecraft:sprint_one_cm":848,"minecraft:time_since_death":323,"minecraft:walk_one_cm":8731,"minecraft:deaths":4,"minecraft:total_world_time":64965,"minecraft:climb_one_cm":204,"minecraft:fall_one_cm":5351,"minecraft:fly_one_cm":2915},"minecraft:picked_up":{"minecraft:bamboo":1}},"DataVersion":3465}