{"stats":{"minecraft:killed":{"minecraft:skeleton":1},"minecraft:killed_by":{"minecraft:skeleton":1,"creeperoverhaul:jungle_creeper":1,"minecraft:player":3},"minecraft:mined":{"minecraft:grass":2},"minecraft:custom":{"minecraft:time_since_rest":1,"minecraft:crouch_one_cm":261,"minecraft:sprint_one_cm":10996,"minecraft:play_time":82934,"minecraft:damage_taken":4030,"minecraft:deaths":9,"minecraft:walk_one_cm":15508,"minecraft:sneak_time":93,"minecraft:walk_under_water_one_cm":1145,"minecraft:mob_kills":1,"minecraft:jump":279,"minecraft:damage_dealt":520,"minecraft:leave_game":8,"minecraft:walk_on_water_one_cm":974,"minecraft:time_since_death":0,"minecraft:climb_one_cm":746,"minecraft:total_world_time":82934,"minecraft:fall_one_cm":14562,"minecraft:fly_one_cm":26878},"minecraft:picked_up":{"minecraft:arrow":2,"minecraft:bow":1,"minecraft:wheat_seeds":1,"minecraft:bamboo":15,"minecraft:dirt":18}},"DataVersion":3465}