{"stats":{"minecraft:killed":{"minecraft:skeleton":1},"minecraft:killed_by":{"creeperoverhaul:jungle_creeper":1,"minecraft:player":3},"minecraft:mined":{"minecraft:grass":2},"minecraft:custom":{"minecraft:time_since_rest":7177,"minecraft:sprint_one_cm":2604,"minecraft:play_time":74451,"minecraft:deaths":6,"minecraft:damage_taken":2915,"minecraft:walk_one_cm":11878,"minecraft:sneak_time":20,"minecraft:mob_kills":1,"minecraft:jump":171,"minecraft:damage_dealt":360,"minecraft:leave_game":5,"minecraft:time_since_death":6826,"minecraft:climb_one_cm":606,"minecraft:total_world_time":74451,"minecraft:fall_one_cm":10401,"minecraft:fly_one_cm":15239},"minecraft:picked_up":{"minecraft:arrow":2,"minecraft:bow":1,"minecraft:wheat_seeds":1,"minecraft:bamboo":15,"minecraft:dirt":18}},"DataVersion":3465}