{"stats":{"minecraft:picked_up":{"minecraft:dirt":20},"minecraft:used":{"minecraft:totem_of_undying":3,"minecraft:grass_block":677},"minecraft:killed_by":{"minecraft:zombie":1},"minecraft:custom":{"minecraft:jump":1063,"minecraft:time_since_rest":11858,"minecraft:damage_absorbed":240,"minecraft:damage_dealt":65,"minecraft:walk_on_water_one_cm":305,"minecraft:damage_taken":1205,"minecraft:crouch_one_cm":26116,"minecraft:leave_game":2,"minecraft:play_time":185238,"minecraft:sprint_one_cm":72194,"minecraft:time_since_death":11835,"minecraft:walk_one_cm":99386,"minecraft:deaths":2,"minecraft:sneak_time":6874,"minecraft:total_world_time":185238,"minecraft:walk_under_water_one_cm":57,"minecraft:swim_one_cm":753,"minecraft:fall_one_cm":8459,"minecraft:fly_one_cm":343369}},"DataVersion":3465}