{"stats":{"minecraft:picked_up":{"minecraft:dirt":20},"minecraft:used":{"minecraft:grass_block":106},"minecraft:custom":{"minecraft:jump":800,"minecraft:time_since_rest":18408,"minecraft:damage_taken":740,"minecraft:crouch_one_cm":156,"minecraft:leave_game":2,"minecraft:play_time":161238,"minecraft:sprint_one_cm":52646,"minecraft:time_since_death":18277,"minecraft:walk_one_cm":75096,"minecraft:deaths":1,"minecraft:sneak_time":991,"minecraft:total_world_time":161238,"minecraft:fall_one_cm":7720,"minecraft:fly_one_cm":232911}},"DataVersion":3465}