{"stats":{"minecraft:picked_up":{"minecraft:wheat_seeds":1,"minecraft:dirt":21},"minecraft:used":{"minecraft:spider_spawn_egg":3,"minecraft:sand":2,"minecraft:dirt":3,"minecraft:skeleton_spawn_egg":5,"minecraft:grass_block":708,"minecraft:bread":1,"minecraft:spawner":8,"minecraft:cave_spider_spawn_egg":2,"minecraft:chest":5,"minecraft:zombie_spawn_egg":4,"minecraft:cobweb":17,"minecraft:totem_of_undying":3,"minecraft:creeper_spawn_egg":2},"minecraft:killed_by":{"minecraft:zombie":1},"minecraft:mined":{"minecraft:grass":2,"minecraft:grass_block":1,"minecraft:oak_leaves":4},"minecraft:custom":{"minecraft:time_since_rest":13027,"minecraft:open_chest":1,"minecraft:damage_absorbed":240,"minecraft:crouch_one_cm":29133,"minecraft:sprint_one_cm":171332,"minecraft:play_time":358639,"minecraft:damage_taken":9465,"minecraft:deaths":20,"minecraft:walk_one_cm":234248,"minecraft:sneak_time":9374,"minecraft:walk_under_water_one_cm":6768,"minecraft:jump":1983,"minecraft:damage_dealt":395,"minecraft:leave_game":5,"minecraft:walk_on_water_one_cm":5007,"minecraft:time_since_death":12997,"minecraft:climb_one_cm":1396,"minecraft:total_world_time":358639,"minecraft:swim_one_cm":4563,"minecraft:fall_one_cm":35833,"minecraft:fly_one_cm":1070389,"minecraft:player_kills":2}},"DataVersion":3465}