{"stats":{"minecraft:killed":{"minecraft:spider":2,"creeperoverhaul:bamboo_creeper":3,"minecraft:skeleton":2,"minecraft:zombie":3,"minecraft:cow":1},"minecraft:custom":{"minecraft:interact_with_smithing_table":5,"minecraft:interact_with_anvil":16,"minecraft:mob_kills":14,"minecraft:interact_with_crafting_table":28,"minecraft:open_shulker_box":1,"minecraft:leave_game":8,"minecraft:time_since_death":10886,"minecraft:climb_one_cm":2842,"minecraft:sprint_one_cm":183114,"minecraft:walk_one_cm":282217,"minecraft:damage_blocked_by_shield":1543,"minecraft:drop":96,"minecraft:damage_dealt_absorbed":626,"minecraft:talked_to_villager":1,"minecraft:play_time":425954,"minecraft:deaths":29,"minecraft:sneak_time":8628,"minecraft:walk_under_water_one_cm":59393,"minecraft:boat_one_cm":308630,"minecraft:jump":3887,"minecraft:walk_on_water_one_cm":68234,"minecraft:total_world_time":425954,"minecraft:time_since_rest":10910,"minecraft:damage_taken":12735,"minecraft:damage_absorbed":806,"minecraft:damage_dealt":6894,"minecraft:swim_one_cm":100025,"minecraft:fly_one_cm":1782684,"minecraft:player_kills":11,"minecraft:open_chest":70,"minecraft:crouch_one_cm":11483,"minecraft:fall_one_cm":70799},"minecraft:used":{"minecraft:oak_trapdoor":2,"creeperoverhaul:dark_oak_creeper_spawn_egg":1,"minecraft:netherite_sword":11,"creeperoverhaul:mushroom_creeper_spawn_egg":1,"minecraft:flint_and_steel":1,"minecraft:chest":26,"minecraft:shield":21,"minecraft:stone":69,"minecraft:zombie_spawn_egg":6,"minecraft:iron_chestplate":1,"minecraft:oak_door":6,"minecraft:dirt":14,"minecraft:anvil":1,"minecraft:stray_spawn_egg":5,"minecraft:skeleton_spawn_egg":8,"creeperoverhaul:hills_creeper_spawn_egg":1,"minecraft:diamond_helmet":2,"minecraft:shulker_box":2,"creeperoverhaul:snowy_creeper_spawn_egg":2,"minecraft:snowball":111,"securitycraft:protecto":1,"minecraft:chipped_anvil":1,"minecraft:grass_block":4,"minecraft:spawner":32,"minecraft:bamboo":1,"minecraft:diamond_chestplate":1,"minecraft:golden_carrot":9,"minecraft:blue_shulker_box":1,"minecraft:drowned_spawn_egg":1,"minecraft:magenta_shulker_box":1,"minecraft:spider_spawn_egg":3,"minecraft:stripped_birch_log":6,"creeperoverhaul:cave_creeper_spawn_egg":1,"minecraft:oak_planks":14,"minecraft:ender_pearl":20,"minecraft:wooden_pickaxe":22,"minecraft:sandstone":117,"minecraft:black_shulker_box":1,"minecraft:diamond_axe":68,"minecraft:oak_leaves":42,"minecraft:golden_apple":23,"minecraft:sand":128,"minecraft:netherite_leggings":1,"minecraft:crafting_table":9,"minecraft:cave_spider_spawn_egg":9,"minecraft:creeper_spawn_egg":3,"minecraft:oak_log":21,"minecraft:diamond_pickaxe":31,"securitycraft:mine":1,"minecraft:stone_axe":10,"minecraft:diamond_sword":25,"minecraft:cobblestone":11,"minecraft:smithing_table":2,"minecraft:oak_boat":8,"minecraft:experience_bottle":19,"creeperoverhaul:savannah_creeper_spawn_egg":1,"minecraft:cobweb":147},"minecraft:mined":{"minecraft:dark_oak_planks":2,"minecraft:grass_block":1,"minecraft:kelp":1,"minecraft:spawner":14,"minecraft:tall_seagrass":1,"minecraft:dirt_path":4,"minecraft:stone":22,"minecraft:dandelion":1,"minecraft:crafting_table":2,"minecraft:torch":1,"minecraft:chest":15,"minecraft:tall_grass":2,"minecraft:cobblestone":2,"minecraft:seagrass":1,"minecraft:grass":36,"minecraft:oak_log":37,"minecraft:dirt":11,"minecraft:sand":3,"minecraft:cobweb":2,"minecraft:chipped_anvil":1,"minecraft:oak_leaves":1,"minecraft:fern":7},"minecraft:crafted":{"minecraft:oak_planks":156,"minecraft:diamond_leggings":1,"minecraft:stone_pickaxe":1,"minecraft:diamond_boots":1,"minecraft:diamond_sword":1,"minecraft:diamond_axe":1,"minecraft:crafting_table":7,"minecraft:wooden_pickaxe":3,"minecraft:smithing_table":1,"minecraft:stone_axe":1,"minecraft:air":0,"minecraft:oak_boat":8,"minecraft:diamond_pickaxe":1,"minecraft:shield":1,"minecraft:stick":20,"minecraft:iron_block":3,"minecraft:anvil":1,"minecraft:diamond_chestplate":1},"minecraft:picked_up":{"minecraft:iron_chestplate":1,"minecraft:crafting_table":2,"minecraft:leather_leggings":4,"minecraft:enchanted_book":30,"minecraft:string":8,"minecraft:cooked_salmon":4,"minecraft:iron_leggings":1,"minecraft:experience_bottle":253,"minecraft:diamond_leggings":1,"minecraft:beef":1,"minecraft:oak_boat":1,"minecraft:chest":11,"minecraft:iron_boots":5,"minecraft:stone":1,"minecraft:torch":1,"minecraft:acacia_log":2,"sophisticatedbackpacks:backpack":1,"minecraft:carrot":259,"minecraft:prismarine_crystals":1,"minecraft:dark_oak_planks":2,"minecraft:diamond_chestplate":4,"minecraft:arrow":2,"minecraft:rotten_flesh":12,"minecraft:cooked_cod":4,"minecraft:diamond_boots":1,"minecraft:gold_ingot":129,"minecraft:netherite_chestplate":1,"minecraft:blaze_rod":71,"minecraft:cobblestone":27,"minecraft:netherite_boots":1,"minecraft:leather_chestplate":1,"minecraft:golden_carrot":120,"minecraft:jungle_log":1,"minecraft:leather":2,"minecraft:oak_log":39,"minecraft:netherite_leggings":1,"minecraft:dirt":16,"minecraft:leather_boots":1,"minecraft:bone":3,"minecraft:chipped_anvil":1,"minecraft:kelp":21,"minecraft:wheat_seeds":10,"minecraft:heart_of_the_sea":1,"minecraft:iron_ingot":79,"minecraft:diamond_helmet":5,"minecraft:bamboo":41,"minecraft:dandelion":1,"minecraft:sand":15,"minecraft:leather_helmet":3,"minecraft:diamond":27,"minecraft:netherite_helmet":1,"minecraft:iron_helmet":1,"minecraft:golden_apple":81,"minecraft:emerald":5,"minecraft:ender_pearl":13},"minecraft:killed_by":{"minecraft:player":6,"minecraft:creeper":2,"minecraft:cave_spider":1,"minecraft:zombie":7},"minecraft:dropped":{"minecraft:enchanted_book":31,"minecraft:iron_ingot":53,"minecraft:smithing_table":2,"minecraft:diamond_leggings":1,"minecraft:netherite_chestplate":1,"minecraft:netherite_helmet":1,"minecraft:iron_helmet":1,"minecraft:leather":1,"minecraft:leather_helmet":3,"minecraft:golden_apple":65,"minecraft:golden_carrot":64,"minecraft:netherite_boots":1,"minecraft:diamond_helmet":5,"minecraft:iron_leggings":1,"minecraft:dark_oak_planks":2,"minecraft:dandelion":1,"minecraft:bone":1,"minecraft:gold_ingot":103,"minecraft:blaze_rod":79,"minecraft:experience_bottle":256,"minecraft:rotten_flesh":1,"minecraft:oak_planks":6,"minecraft:iron_boots":4,"minecraft:totem_of_undying":5,"minecraft:carrot":124,"minecraft:netherite_leggings":1,"minecraft:leather_chestplate":1,"minecraft:diamond_chestplate":4,"minecraft:iron_chestplate":1,"minecraft:leather_boots":1,"minecraft:oak_boat":1,"minecraft:chest":5,"minecraft:leather_leggings":4,"minecraft:diamond_boots":1,"minecraft:wooden_pickaxe":1}},"DataVersion":3465}