{"stats":{"minecraft:picked_up":{"minecraft:dirt":20},"minecraft:used":{"minecraft:sand":2,"minecraft:totem_of_undying":3,"minecraft:grass_block":677},"minecraft:killed_by":{"minecraft:zombie":1},"minecraft:custom":{"minecraft:jump":1118,"minecraft:time_since_rest":21782,"minecraft:damage_absorbed":240,"minecraft:damage_dealt":65,"minecraft:walk_on_water_one_cm":2221,"minecraft:damage_taken":1755,"minecraft:crouch_one_cm":26169,"minecraft:leave_game":2,"minecraft:play_time":209238,"minecraft:sprint_one_cm":76064,"minecraft:time_since_death":21755,"minecraft:walk_one_cm":102472,"minecraft:deaths":3,"minecraft:sneak_time":6951,"minecraft:total_world_time":209238,"minecraft:walk_under_water_one_cm":1310,"minecraft:swim_one_cm":1771,"minecraft:fall_one_cm":9061,"minecraft:fly_one_cm":398351}},"DataVersion":3465}