{"stats":{"minecraft:picked_up":{"minecraft:dirt":20},"minecraft:used":{"minecraft:dirt":3,"minecraft:sand":2,"minecraft:grass_block":677,"minecraft:totem_of_undying":3},"minecraft:killed_by":{"minecraft:zombie":1},"minecraft:custom":{"minecraft:time_since_rest":2494,"minecraft:crouch_one_cm":27423,"minecraft:deaths":6,"minecraft:sprint_one_cm":88698,"minecraft:play_time":245238,"minecraft:walk_one_cm":117654,"minecraft:damage_taken":3265,"minecraft:damage_absorbed":240,"minecraft:sneak_time":7862,"minecraft:walk_under_water_one_cm":1496,"minecraft:jump":1275,"minecraft:damage_dealt":65,"minecraft:leave_game":2,"minecraft:time_since_death":2447,"minecraft:walk_on_water_one_cm":3257,"minecraft:total_world_time":245238,"minecraft:swim_one_cm":1815,"minecraft:fall_one_cm":10866,"minecraft:fly_one_cm":614320}},"DataVersion":3465}