{"stats":{"minecraft:custom":{"minecraft:jump":371,"minecraft:time_since_rest":2909,"minecraft:deaths":1,"minecraft:crouch_one_cm":156,"minecraft:leave_game":1,"minecraft:play_time":145739,"minecraft:sprint_one_cm":28618,"minecraft:damage_taken":740,"minecraft:time_since_death":2778,"minecraft:walk_one_cm":53583,"minecraft:sneak_time":991,"minecraft:total_world_time":145739,"minecraft:fall_one_cm":5572,"minecraft:fly_one_cm":101380},"minecraft:picked_up":{"minecraft:dirt":20}},"DataVersion":3465}