{"stats":{"minecraft:picked_up":{"minecraft:dirt":21},"minecraft:used":{"minecraft:dirt":3,"minecraft:sand":2,"minecraft:grass_block":677,"minecraft:totem_of_undying":3},"minecraft:killed_by":{"minecraft:zombie":1},"minecraft:mined":{"minecraft:grass_block":1,"minecraft:oak_leaves":1},"minecraft:custom":{"minecraft:time_since_rest":4062,"minecraft:crouch_one_cm":27653,"minecraft:deaths":12,"minecraft:sprint_one_cm":96883,"minecraft:play_time":269201,"minecraft:walk_one_cm":126748,"minecraft:damage_taken":6815,"minecraft:damage_absorbed":240,"minecraft:sneak_time":8132,"minecraft:walk_under_water_one_cm":4577,"minecraft:jump":1374,"minecraft:damage_dealt":65,"minecraft:leave_game":2,"minecraft:time_since_death":4013,"minecraft:walk_on_water_one_cm":3522,"minecraft:total_world_time":269201,"minecraft:swim_one_cm":1815,"minecraft:fall_one_cm":17841,"minecraft:fly_one_cm":708547}},"DataVersion":3465}