{"stats":{"minecraft:mined":{"minecraft:grass":23,"minecraft:sand":3,"minecraft:oak_leaves":1,"minecraft:fern":5},"minecraft:killed_by":{"minecraft:player":2,"minecraft:zombie":6},"minecraft:custom":{"minecraft:time_since_rest":57359,"minecraft:sprint_one_cm":72756,"minecraft:walk_one_cm":183819,"minecraft:damage_taken":4785,"minecraft:damage_absorbed":40,"minecraft:mob_kills":10,"minecraft:drop":7,"minecraft:damage_dealt":4663,"minecraft:damage_dealt_absorbed":360,"minecraft:fly_one_cm":259086,"minecraft:player_kills":9,"minecraft:crouch_one_cm":2672,"minecraft:play_time":236387,"minecraft:deaths":18,"minecraft:sneak_time":1129,"minecraft:walk_under_water_one_cm":3236,"minecraft:jump":2047,"minecraft:leave_game":2,"minecraft:walk_on_water_one_cm":2657,"minecraft:time_since_death":56029,"minecraft:climb_one_cm":2554,"minecraft:total_world_time":236387,"minecraft:fall_one_cm":32006},"minecraft:used":{"minecraft:oak_log":21,"creeperoverhaul:dark_oak_creeper_spawn_egg":1,"minecraft:oak_trapdoor":2,"securitycraft:protecto":1,"minecraft:netherite_sword":11,"creeperoverhaul:mushroom_creeper_spawn_egg":1,"minecraft:flint_and_steel":1,"creeperoverhaul:cave_creeper_spawn_egg":1,"minecraft:stripped_birch_log":6,"minecraft:grass_block":3,"minecraft:ender_pearl":2,"minecraft:sandstone":35,"minecraft:oak_leaves":42,"securitycraft:mine":1,"minecraft:bamboo":1,"minecraft:oak_door":6,"minecraft:golden_apple":1,"minecraft:sand":114,"creeperoverhaul:hills_creeper_spawn_egg":1,"creeperoverhaul:snowy_creeper_spawn_egg":2,"minecraft:snowball":111,"creeperoverhaul:savannah_creeper_spawn_egg":1},"minecraft:dropped":{"minecraft:rotten_flesh":1,"minecraft:leather":1,"minecraft:totem_of_undying":5},"minecraft:picked_up":{"minecraft:stone":1,"minecraft:jungle_log":1,"minecraft:leather":2,"minecraft:acacia_log":2,"sophisticatedbackpacks:backpack":1,"minecraft:sand":15,"minecraft:bone":1,"minecraft:arrow":2,"minecraft:rotten_flesh":7,"minecraft:wheat_seeds":3,"minecraft:beef":1,"minecraft:bamboo":41},"minecraft:killed":{"minecraft:skeleton":1,"minecraft:zombie":3,"minecraft:spider":1,"minecraft:cow":1,"creeperoverhaul:bamboo_creeper":3}},"DataVersion":3465}