{"stats":{"minecraft:picked_up":{"minecraft:dirt":20},"minecraft:used":{"minecraft:totem_of_undying":2,"minecraft:grass_block":672},"minecraft:custom":{"minecraft:jump":1004,"minecraft:time_since_rest":30408,"minecraft:damage_absorbed":160,"minecraft:damage_dealt":65,"minecraft:walk_on_water_one_cm":258,"minecraft:damage_taken":1055,"minecraft:crouch_one_cm":26008,"minecraft:leave_game":2,"minecraft:play_time":173238,"minecraft:sprint_one_cm":64807,"minecraft:time_since_death":30277,"minecraft:walk_one_cm":93436,"minecraft:deaths":1,"minecraft:sneak_time":6719,"minecraft:total_world_time":173238,"minecraft:walk_under_water_one_cm":57,"minecraft:swim_one_cm":753,"minecraft:fall_one_cm":7720,"minecraft:fly_one_cm":282015}},"DataVersion":3465}