{"stats":{"minecraft:mined":{"minecraft:grass":22,"minecraft:fern":3},"minecraft:killed_by":{"minecraft:player":2},"minecraft:custom":{"minecraft:time_since_rest":1267,"minecraft:crouch_one_cm":120,"minecraft:damage_taken":2065,"minecraft:play_time":92659,"minecraft:sprint_one_cm":27307,"minecraft:damage_absorbed":40,"minecraft:deaths":3,"minecraft:walk_one_cm":81956,"minecraft:sneak_time":85,"minecraft:walk_under_water_one_cm":270,"minecraft:mob_kills":5,"minecraft:drop":1,"minecraft:jump":938,"minecraft:damage_dealt":3204,"minecraft:leave_game":1,"minecraft:walk_on_water_one_cm":1837,"minecraft:time_since_death":1207,"minecraft:climb_one_cm":2542,"minecraft:total_world_time":92659,"minecraft:fall_one_cm":14153,"minecraft:fly_one_cm":99808,"minecraft:player_kills":5},"minecraft:used":{"minecraft:oak_door":6,"minecraft:oak_trapdoor":2,"minecraft:bamboo":1,"minecraft:golden_apple":1,"minecraft:grass_block":3,"minecraft:stripped_birch_log":6,"minecraft:ender_pearl":2},"minecraft:picked_up":{"minecraft:rotten_flesh":1,"minecraft:jungle_log":1,"minecraft:leather":2,"minecraft:wheat_seeds":2,"minecraft:beef":1,"minecraft:bamboo":41},"minecraft:dropped":{"minecraft:leather":1},"minecraft:killed":{"minecraft:zombie":2,"minecraft:cow":1,"creeperoverhaul:bamboo_creeper":2}},"DataVersion":3465}