{"stats":{"minecraft:mined":{"minecraft:grass":22,"minecraft:sand":3,"minecraft:oak_leaves":1,"minecraft:fern":4},"minecraft:killed_by":{"minecraft:player":2,"minecraft:zombie":5},"minecraft:custom":{"minecraft:time_since_rest":14431,"minecraft:sprint_one_cm":34967,"minecraft:walk_one_cm":112178,"minecraft:damage_taken":3515,"minecraft:damage_absorbed":40,"minecraft:mob_kills":7,"minecraft:drop":7,"minecraft:damage_dealt":3956,"minecraft:damage_dealt_absorbed":360,"minecraft:fly_one_cm":129184,"minecraft:player_kills":7,"minecraft:crouch_one_cm":329,"minecraft:play_time":116387,"minecraft:deaths":10,"minecraft:sneak_time":219,"minecraft:walk_under_water_one_cm":1779,"minecraft:jump":1215,"minecraft:leave_game":2,"minecraft:walk_on_water_one_cm":2321,"minecraft:time_since_death":14408,"minecraft:climb_one_cm":2542,"minecraft:total_world_time":116387,"minecraft:fall_one_cm":17714},"minecraft:used":{"minecraft:oak_trapdoor":2,"securitycraft:protecto":1,"minecraft:netherite_sword":11,"creeperoverhaul:mushroom_creeper_spawn_egg":1,"minecraft:stripped_birch_log":6,"minecraft:grass_block":3,"minecraft:ender_pearl":2,"securitycraft:mine":1,"minecraft:bamboo":1,"minecraft:oak_door":6,"minecraft:golden_apple":1,"minecraft:sand":62,"creeperoverhaul:snowy_creeper_spawn_egg":1},"minecraft:dropped":{"minecraft:rotten_flesh":1,"minecraft:leather":1,"minecraft:totem_of_undying":5},"minecraft:picked_up":{"minecraft:jungle_log":1,"minecraft:leather":2,"sophisticatedbackpacks:backpack":1,"minecraft:sand":4,"minecraft:bone":1,"minecraft:arrow":2,"minecraft:rotten_flesh":6,"minecraft:wheat_seeds":3,"minecraft:beef":1,"minecraft:bamboo":41},"minecraft:killed":{"minecraft:skeleton":1,"minecraft:zombie":2,"minecraft:cow":1,"creeperoverhaul:bamboo_creeper":2}},"DataVersion":3465}