{"stats":{"minecraft:killed":{"minecraft:spider":1,"creeperoverhaul:bamboo_creeper":3,"minecraft:skeleton":2,"minecraft:zombie":3,"minecraft:cow":1},"minecraft:custom":{"minecraft:mob_kills":11,"minecraft:interact_with_crafting_table":18,"minecraft:open_shulker_box":1,"minecraft:leave_game":8,"minecraft:time_since_death":15352,"minecraft:climb_one_cm":2842,"minecraft:time_since_rest":15472,"minecraft:damage_absorbed":237,"minecraft:sprint_one_cm":136887,"minecraft:damage_taken":8348,"minecraft:walk_one_cm":252506,"minecraft:drop":57,"minecraft:damage_dealt":5525,"minecraft:damage_dealt_absorbed":360,"minecraft:player_kills":11,"minecraft:swim_one_cm":19773,"minecraft:fly_one_cm":1468684,"minecraft:open_chest":36,"minecraft:crouch_one_cm":7570,"minecraft:play_time":377954,"minecraft:sneak_time":6670,"minecraft:deaths":24,"minecraft:walk_under_water_one_cm":38230,"minecraft:jump":3188,"minecraft:walk_on_water_one_cm":48364,"minecraft:total_world_time":377954,"minecraft:fall_one_cm":49362},"minecraft:used":{"minecraft:spider_spawn_egg":3,"minecraft:oak_trapdoor":2,"creeperoverhaul:dark_oak_creeper_spawn_egg":1,"minecraft:netherite_sword":11,"creeperoverhaul:mushroom_creeper_spawn_egg":1,"minecraft:flint_and_steel":1,"minecraft:stripped_birch_log":6,"creeperoverhaul:cave_creeper_spawn_egg":1,"minecraft:oak_planks":6,"minecraft:ender_pearl":4,"minecraft:chest":26,"minecraft:wooden_pickaxe":22,"minecraft:sandstone":117,"minecraft:stone":69,"minecraft:black_shulker_box":1,"minecraft:zombie_spawn_egg":6,"minecraft:diamond_axe":18,"minecraft:iron_chestplate":1,"minecraft:oak_door":6,"minecraft:oak_leaves":42,"minecraft:golden_apple":7,"minecraft:dirt":14,"minecraft:sand":128,"minecraft:skeleton_spawn_egg":8,"minecraft:stray_spawn_egg":5,"minecraft:crafting_table":6,"creeperoverhaul:hills_creeper_spawn_egg":1,"minecraft:diamond_helmet":1,"minecraft:cave_spider_spawn_egg":9,"minecraft:shulker_box":2,"creeperoverhaul:snowy_creeper_spawn_egg":2,"minecraft:snowball":111,"minecraft:creeper_spawn_egg":3,"minecraft:oak_log":21,"securitycraft:protecto":1,"minecraft:grass_block":4,"minecraft:spawner":32,"securitycraft:mine":1,"minecraft:bamboo":1,"minecraft:stone_axe":10,"minecraft:golden_carrot":3,"minecraft:blue_shulker_box":1,"minecraft:drowned_spawn_egg":1,"minecraft:magenta_shulker_box":1,"creeperoverhaul:savannah_creeper_spawn_egg":1,"minecraft:cobweb":147},"minecraft:mined":{"minecraft:crafting_table":2,"minecraft:torch":1,"minecraft:grass_block":1,"minecraft:cobblestone":2,"minecraft:seagrass":1,"minecraft:grass":34,"minecraft:dirt_path":4,"minecraft:oak_log":26,"minecraft:sand":3,"minecraft:dirt":11,"minecraft:stone":6,"minecraft:oak_leaves":1,"minecraft:fern":7},"minecraft:crafted":{"minecraft:oak_planks":112,"minecraft:diamond_sword":1,"minecraft:diamond_axe":1,"minecraft:crafting_table":5,"minecraft:wooden_pickaxe":3,"minecraft:stone_axe":1,"minecraft:diamond_leggings":1,"minecraft:diamond_pickaxe":1,"minecraft:shield":1,"minecraft:stick":20,"minecraft:stone_pickaxe":1,"minecraft:diamond_boots":1,"minecraft:diamond_chestplate":1},"minecraft:picked_up":{"minecraft:crafting_table":2,"minecraft:netherite_boots":1,"minecraft:iron_chestplate":1,"minecraft:leather_chestplate":1,"minecraft:golden_carrot":64,"minecraft:jungle_log":1,"minecraft:leather_leggings":2,"minecraft:leather":2,"minecraft:enchanted_book":22,"minecraft:oak_log":28,"minecraft:netherite_leggings":1,"minecraft:string":4,"minecraft:dirt":16,"minecraft:cooked_salmon":4,"minecraft:iron_leggings":1,"minecraft:leather_boots":1,"minecraft:bone":2,"minecraft:kelp":21,"minecraft:wheat_seeds":7,"minecraft:diamond_leggings":1,"minecraft:heart_of_the_sea":1,"minecraft:iron_ingot":49,"minecraft:beef":1,"minecraft:diamond_helmet":1,"minecraft:bamboo":41,"minecraft:iron_boots":2,"minecraft:stone":1,"minecraft:torch":1,"minecraft:acacia_log":2,"sophisticatedbackpacks:backpack":1,"minecraft:sand":15,"minecraft:carrot":124,"minecraft:prismarine_crystals":1,"minecraft:leather_helmet":1,"minecraft:arrow":2,"minecraft:rotten_flesh":8,"minecraft:diamond_chestplate":1,"minecraft:cooked_cod":4,"minecraft:netherite_helmet":1,"minecraft:diamond_boots":1,"minecraft:iron_helmet":1,"minecraft:golden_apple":65,"minecraft:emerald":5,"minecraft:gold_ingot":114,"minecraft:netherite_chestplate":1,"minecraft:blaze_rod":63,"minecraft:cobblestone":11},"minecraft:killed_by":{"minecraft:player":6,"minecraft:zombie":7},"minecraft:dropped":{"minecraft:enchanted_book":22,"minecraft:iron_ingot":49,"minecraft:blaze_rod":63,"minecraft:diamond_leggings":1,"minecraft:netherite_helmet":1,"minecraft:netherite_chestplate":1,"minecraft:iron_helmet":1,"minecraft:rotten_flesh":1,"minecraft:iron_boots":2,"minecraft:leather":1,"minecraft:totem_of_undying":5,"minecraft:carrot":124,"minecraft:leather_helmet":1,"minecraft:golden_apple":65,"minecraft:netherite_leggings":1,"minecraft:leather_chestplate":1,"minecraft:golden_carrot":64,"minecraft:diamond_chestplate":1,"minecraft:iron_chestplate":1,"minecraft:leather_boots":1,"minecraft:netherite_boots":1,"minecraft:diamond_helmet":1,"minecraft:iron_leggings":1,"minecraft:leather_leggings":2,"minecraft:diamond_boots":1,"minecraft:wooden_pickaxe":1,"minecraft:gold_ingot":103}},"DataVersion":3465}