{"stats":{"minecraft:killed":{"minecraft:skeleton":2,"minecraft:zombie":3,"minecraft:spider":1,"minecraft:cow":1,"creeperoverhaul:bamboo_creeper":3},"minecraft:custom":{"minecraft:time_since_rest":105559,"minecraft:sprint_one_cm":99794,"minecraft:walk_one_cm":205205,"minecraft:damage_taken":4785,"minecraft:damage_absorbed":40,"minecraft:mob_kills":11,"minecraft:drop":7,"minecraft:damage_dealt":4778,"minecraft:damage_dealt_absorbed":360,"minecraft:swim_one_cm":406,"minecraft:fly_one_cm":868118,"minecraft:player_kills":9,"minecraft:crouch_one_cm":5027,"minecraft:play_time":284587,"minecraft:deaths":18,"minecraft:sneak_time":3847,"minecraft:walk_under_water_one_cm":31453,"minecraft:jump":2617,"minecraft:leave_game":5,"minecraft:walk_on_water_one_cm":14561,"minecraft:time_since_death":104229,"minecraft:climb_one_cm":2842,"minecraft:total_world_time":284587,"minecraft:fall_one_cm":32006},"minecraft:used":{"minecraft:oak_log":21,"minecraft:oak_trapdoor":2,"creeperoverhaul:dark_oak_creeper_spawn_egg":1,"securitycraft:protecto":1,"minecraft:netherite_sword":11,"creeperoverhaul:mushroom_creeper_spawn_egg":1,"minecraft:flint_and_steel":1,"minecraft:grass_block":3,"minecraft:stripped_birch_log":6,"creeperoverhaul:cave_creeper_spawn_egg":1,"minecraft:ender_pearl":2,"minecraft:sandstone":117,"minecraft:stone":57,"minecraft:oak_door":6,"securitycraft:mine":1,"minecraft:bamboo":1,"minecraft:oak_leaves":42,"minecraft:golden_apple":1,"minecraft:sand":122,"creeperoverhaul:hills_creeper_spawn_egg":1,"creeperoverhaul:snowy_creeper_spawn_egg":2,"minecraft:snowball":111,"creeperoverhaul:savannah_creeper_spawn_egg":1},"minecraft:mined":{"minecraft:grass":23,"minecraft:sand":3,"minecraft:oak_leaves":1,"minecraft:fern":5},"minecraft:picked_up":{"minecraft:stone":1,"minecraft:jungle_log":1,"minecraft:leather":2,"minecraft:acacia_log":2,"sophisticatedbackpacks:backpack":1,"minecraft:sand":15,"minecraft:bone":2,"minecraft:arrow":2,"minecraft:rotten_flesh":7,"minecraft:kelp":21,"minecraft:wheat_seeds":3,"minecraft:beef":1,"minecraft:bamboo":41},"minecraft:dropped":{"minecraft:rotten_flesh":1,"minecraft:leather":1,"minecraft:totem_of_undying":5},"minecraft:killed_by":{"minecraft:player":2,"minecraft:zombie":6}},"DataVersion":3465}