{"stats":{"minecraft:picked_up":{"minecraft:wheat_seeds":1,"minecraft:dirt":21},"minecraft:mined":{"minecraft:grass":3,"minecraft:grass_block":2,"minecraft:birch_leaves":1,"minecraft:oak_leaves":5},"minecraft:custom":{"minecraft:time_since_rest":68516,"minecraft:open_chest":1,"minecraft:damage_taken":13020,"minecraft:crouch_one_cm":30151,"minecraft:sprint_one_cm":213300,"minecraft:play_time":485977,"minecraft:damage_absorbed":240,"minecraft:deaths":24,"minecraft:walk_one_cm":284426,"minecraft:sneak_time":10124,"minecraft:walk_under_water_one_cm":8093,"minecraft:jump":2483,"minecraft:damage_dealt":395,"minecraft:leave_game":10,"minecraft:walk_on_water_one_cm":6291,"minecraft:time_since_death":68485,"minecraft:climb_one_cm":1396,"minecraft:total_world_time":485977,"minecraft:swim_one_cm":5905,"minecraft:fall_one_cm":43285,"minecraft:fly_one_cm":1443370,"minecraft:player_kills":2},"minecraft:killed_by":{"minecraft:zombie":1},"minecraft:used":{"minecraft:spider_spawn_egg":3,"minecraft:sand":2,"minecraft:dirt":3,"minecraft:skeleton_spawn_egg":5,"minecraft:grass_block":769,"minecraft:bread":1,"minecraft:spawner":8,"minecraft:cave_spider_spawn_egg":2,"minecraft:chest":5,"minecraft:zombie_spawn_egg":4,"minecraft:cobweb":17,"minecraft:totem_of_undying":3,"minecraft:creeper_spawn_egg":2}},"DataVersion":3465}