{"stats":{"minecraft:mined":{"minecraft:grass":3,"minecraft:grass_block":1,"minecraft:oak_leaves":4},"minecraft:used":{"minecraft:spider_spawn_egg":3,"minecraft:sand":2,"minecraft:dirt":3,"minecraft:skeleton_spawn_egg":5,"minecraft:grass_block":752,"minecraft:bread":1,"minecraft:spawner":8,"minecraft:cave_spider_spawn_egg":2,"minecraft:chest":5,"minecraft:zombie_spawn_egg":4,"minecraft:cobweb":17,"minecraft:totem_of_undying":3,"minecraft:creeper_spawn_egg":2},"minecraft:picked_up":{"minecraft:wheat_seeds":1,"minecraft:dirt":21},"minecraft:custom":{"minecraft:time_since_rest":30,"minecraft:open_chest":1,"minecraft:damage_absorbed":240,"minecraft:crouch_one_cm":29419,"minecraft:sprint_one_cm":186574,"minecraft:play_time":417491,"minecraft:damage_taken":12580,"minecraft:deaths":24,"minecraft:walk_one_cm":257237,"minecraft:sneak_time":9630,"minecraft:walk_under_water_one_cm":7021,"minecraft:jump":2150,"minecraft:damage_dealt":395,"minecraft:leave_game":10,"minecraft:walk_on_water_one_cm":5167,"minecraft:time_since_death":0,"minecraft:climb_one_cm":1396,"minecraft:total_world_time":417491,"minecraft:swim_one_cm":4563,"minecraft:fall_one_cm":38143,"minecraft:fly_one_cm":1227396,"minecraft:player_kills":2},"minecraft:killed_by":{"minecraft:zombie":1}},"DataVersion":3465}