{"stats":{"minecraft:picked_up":{"minecraft:dirt":20},"minecraft:used":{"minecraft:sand":2,"minecraft:totem_of_undying":3,"minecraft:grass_block":677},"minecraft:killed_by":{"minecraft:zombie":1},"minecraft:custom":{"minecraft:jump":1153,"minecraft:time_since_rest":33782,"minecraft:damage_absorbed":240,"minecraft:damage_dealt":65,"minecraft:walk_on_water_one_cm":3257,"minecraft:damage_taken":1755,"minecraft:crouch_one_cm":26915,"minecraft:leave_game":2,"minecraft:play_time":221238,"minecraft:sprint_one_cm":77845,"minecraft:time_since_death":33755,"minecraft:walk_one_cm":106492,"minecraft:deaths":3,"minecraft:sneak_time":7316,"minecraft:total_world_time":221238,"minecraft:walk_under_water_one_cm":1496,"minecraft:swim_one_cm":1815,"minecraft:fall_one_cm":9061,"minecraft:fly_one_cm":435805}},"DataVersion":3465}