{"stats":{"minecraft:killed":{"minecraft:spider":1,"creeperoverhaul:bamboo_creeper":3,"minecraft:skeleton":2,"minecraft:zombie":3,"minecraft:cow":1},"minecraft:custom":{"minecraft:mob_kills":11,"minecraft:open_shulker_box":1,"minecraft:leave_game":5,"minecraft:time_since_death":15066,"minecraft:climb_one_cm":2842,"minecraft:time_since_rest":15090,"minecraft:damage_absorbed":40,"minecraft:sprint_one_cm":101954,"minecraft:damage_taken":5750,"minecraft:walk_one_cm":212258,"minecraft:drop":37,"minecraft:damage_dealt":4778,"minecraft:damage_dealt_absorbed":360,"minecraft:swim_one_cm":406,"minecraft:player_kills":9,"minecraft:fly_one_cm":902889,"minecraft:open_chest":1,"minecraft:crouch_one_cm":5145,"minecraft:play_time":308587,"minecraft:sneak_time":3985,"minecraft:deaths":20,"minecraft:walk_under_water_one_cm":31453,"minecraft:jump":2685,"minecraft:walk_on_water_one_cm":14561,"minecraft:total_world_time":308587,"minecraft:fall_one_cm":39980},"minecraft:used":{"minecraft:oak_trapdoor":2,"creeperoverhaul:dark_oak_creeper_spawn_egg":1,"minecraft:netherite_sword":11,"creeperoverhaul:mushroom_creeper_spawn_egg":1,"minecraft:flint_and_steel":1,"minecraft:stripped_birch_log":6,"creeperoverhaul:cave_creeper_spawn_egg":1,"minecraft:ender_pearl":2,"minecraft:chest":14,"minecraft:stone":63,"minecraft:sandstone":117,"minecraft:black_shulker_box":1,"minecraft:oak_leaves":42,"minecraft:oak_door":6,"minecraft:golden_apple":1,"minecraft:sand":122,"creeperoverhaul:hills_creeper_spawn_egg":1,"minecraft:shulker_box":2,"creeperoverhaul:snowy_creeper_spawn_egg":2,"minecraft:snowball":111,"minecraft:oak_log":21,"securitycraft:protecto":1,"minecraft:grass_block":3,"minecraft:bamboo":1,"securitycraft:mine":1,"minecraft:blue_shulker_box":1,"creeperoverhaul:savannah_creeper_spawn_egg":1,"minecraft:magenta_shulker_box":1},"minecraft:mined":{"minecraft:grass":24,"minecraft:sand":3,"minecraft:oak_leaves":1,"minecraft:fern":5},"minecraft:picked_up":{"minecraft:netherite_boots":1,"minecraft:leather_chestplate":1,"minecraft:golden_carrot":64,"minecraft:jungle_log":1,"minecraft:leather":2,"minecraft:enchanted_book":3,"minecraft:iron_leggings":1,"minecraft:leather_boots":1,"minecraft:bone":2,"minecraft:kelp":21,"minecraft:wheat_seeds":3,"minecraft:diamond_leggings":1,"minecraft:beef":1,"minecraft:bamboo":41,"minecraft:iron_boots":1,"minecraft:stone":1,"minecraft:acacia_log":2,"sophisticatedbackpacks:backpack":1,"minecraft:sand":15,"minecraft:carrot":64,"minecraft:arrow":2,"minecraft:rotten_flesh":7,"minecraft:diamond_chestplate":1,"minecraft:diamond_boots":1,"minecraft:iron_helmet":1,"minecraft:netherite_chestplate":1},"minecraft:killed_by":{"minecraft:player":2,"minecraft:zombie":7},"minecraft:dropped":{"minecraft:enchanted_book":11,"minecraft:diamond_leggings":1,"minecraft:netherite_chestplate":1,"minecraft:netherite_helmet":1,"minecraft:iron_helmet":1,"minecraft:rotten_flesh":1,"minecraft:iron_boots":1,"minecraft:leather":1,"minecraft:totem_of_undying":5,"minecraft:carrot":64,"minecraft:leather_helmet":1,"minecraft:golden_apple":64,"minecraft:netherite_leggings":1,"minecraft:leather_chestplate":1,"minecraft:golden_carrot":64,"minecraft:diamond_chestplate":1,"minecraft:iron_chestplate":1,"minecraft:leather_boots":1,"minecraft:netherite_boots":1,"minecraft:diamond_helmet":1,"minecraft:leather_leggings":1,"minecraft:iron_leggings":1,"minecraft:diamond_boots":1}},"DataVersion":3465}