{"stats":{"minecraft:picked_up":{"minecraft:dirt":21},"minecraft:used":{"minecraft:dirt":3,"minecraft:sand":2,"minecraft:grass_block":705,"minecraft:totem_of_undying":3},"minecraft:killed_by":{"minecraft:zombie":1},"minecraft:mined":{"minecraft:grass_block":1,"minecraft:oak_leaves":1},"minecraft:custom":{"minecraft:time_since_rest":8775,"minecraft:crouch_one_cm":28270,"minecraft:deaths":13,"minecraft:sprint_one_cm":98021,"minecraft:play_time":281196,"minecraft:walk_one_cm":131594,"minecraft:damage_taken":7255,"minecraft:damage_absorbed":240,"minecraft:sneak_time":8355,"minecraft:walk_under_water_one_cm":4577,"minecraft:jump":1420,"minecraft:damage_dealt":65,"minecraft:leave_game":2,"minecraft:time_since_death":8714,"minecraft:walk_on_water_one_cm":3522,"minecraft:climb_one_cm":379,"minecraft:total_world_time":281196,"minecraft:swim_one_cm":1815,"minecraft:fall_one_cm":17841,"minecraft:fly_one_cm":756734}},"DataVersion":3465}