{"stats":{"minecraft:mined":{"minecraft:grass":3,"minecraft:grass_block":2,"minecraft:birch_leaves":1,"minecraft:oak_leaves":5},"minecraft:used":{"minecraft:spider_spawn_egg":3,"minecraft:sand":2,"minecraft:dirt":3,"minecraft:skeleton_spawn_egg":5,"minecraft:grass_block":769,"minecraft:bread":1,"minecraft:spawner":8,"minecraft:cave_spider_spawn_egg":2,"minecraft:chest":5,"minecraft:zombie_spawn_egg":4,"minecraft:cobweb":17,"minecraft:totem_of_undying":3,"minecraft:creeper_spawn_egg":2},"minecraft:custom":{"minecraft:time_since_rest":75066,"minecraft:open_chest":1,"minecraft:damage_absorbed":240,"minecraft:crouch_one_cm":30151,"minecraft:sprint_one_cm":214406,"minecraft:play_time":492527,"minecraft:damage_taken":13610,"minecraft:deaths":24,"minecraft:walk_one_cm":286923,"minecraft:sneak_time":10124,"minecraft:walk_under_water_one_cm":8093,"minecraft:jump":2498,"minecraft:damage_dealt":395,"minecraft:leave_game":11,"minecraft:walk_on_water_one_cm":6291,"minecraft:time_since_death":75035,"minecraft:climb_one_cm":1396,"minecraft:total_world_time":492527,"minecraft:swim_one_cm":5905,"minecraft:fall_one_cm":43854,"minecraft:fly_one_cm":1443721,"minecraft:player_kills":2},"minecraft:picked_up":{"minecraft:wheat_seeds":1,"minecraft:dirt":21},"minecraft:killed_by":{"minecraft:zombie":1}},"DataVersion":3465}