{"stats":{"minecraft:killed":{"minecraft:spider":1,"creeperoverhaul:bamboo_creeper":3,"minecraft:skeleton":2,"minecraft:zombie":3,"minecraft:cow":1},"minecraft:custom":{"minecraft:mob_kills":11,"minecraft:open_shulker_box":1,"minecraft:leave_game":6,"minecraft:time_since_death":61035,"minecraft:climb_one_cm":2842,"minecraft:time_since_rest":61059,"minecraft:damage_absorbed":40,"minecraft:sprint_one_cm":112878,"minecraft:damage_taken":5750,"minecraft:walk_one_cm":229610,"minecraft:drop":54,"minecraft:damage_dealt":4778,"minecraft:damage_dealt_absorbed":360,"minecraft:swim_one_cm":970,"minecraft:fly_one_cm":1288768,"minecraft:player_kills":9,"minecraft:open_chest":25,"minecraft:crouch_one_cm":5283,"minecraft:play_time":354556,"minecraft:deaths":20,"minecraft:sneak_time":5443,"minecraft:walk_under_water_one_cm":31709,"minecraft:jump":2828,"minecraft:walk_on_water_one_cm":16271,"minecraft:total_world_time":354556,"minecraft:fall_one_cm":39980},"minecraft:used":{"minecraft:spider_spawn_egg":3,"minecraft:oak_trapdoor":2,"creeperoverhaul:dark_oak_creeper_spawn_egg":1,"minecraft:netherite_sword":11,"creeperoverhaul:mushroom_creeper_spawn_egg":1,"minecraft:flint_and_steel":1,"minecraft:stripped_birch_log":6,"creeperoverhaul:cave_creeper_spawn_egg":1,"minecraft:ender_pearl":2,"minecraft:chest":26,"minecraft:sandstone":117,"minecraft:stone":69,"minecraft:black_shulker_box":1,"minecraft:zombie_spawn_egg":6,"minecraft:oak_door":6,"minecraft:oak_leaves":42,"minecraft:golden_apple":1,"minecraft:sand":128,"minecraft:skeleton_spawn_egg":8,"minecraft:stray_spawn_egg":5,"creeperoverhaul:hills_creeper_spawn_egg":1,"minecraft:shulker_box":2,"minecraft:cave_spider_spawn_egg":9,"creeperoverhaul:snowy_creeper_spawn_egg":2,"minecraft:snowball":111,"minecraft:creeper_spawn_egg":3,"minecraft:oak_log":21,"securitycraft:protecto":1,"minecraft:grass_block":4,"minecraft:spawner":32,"securitycraft:mine":1,"minecraft:bamboo":1,"minecraft:blue_shulker_box":1,"minecraft:drowned_spawn_egg":1,"minecraft:magenta_shulker_box":1,"creeperoverhaul:savannah_creeper_spawn_egg":1,"minecraft:cobweb":147},"minecraft:mined":{"minecraft:grass":24,"minecraft:sand":3,"minecraft:oak_leaves":1,"minecraft:fern":5},"minecraft:picked_up":{"minecraft:netherite_boots":1,"minecraft:iron_chestplate":1,"minecraft:leather_chestplate":1,"minecraft:golden_carrot":64,"minecraft:jungle_log":1,"minecraft:leather_leggings":1,"minecraft:leather":2,"minecraft:enchanted_book":22,"minecraft:netherite_leggings":1,"minecraft:cooked_salmon":4,"minecraft:iron_leggings":1,"minecraft:leather_boots":1,"minecraft:bone":2,"minecraft:kelp":21,"minecraft:wheat_seeds":3,"minecraft:diamond_leggings":1,"minecraft:heart_of_the_sea":1,"minecraft:iron_ingot":49,"minecraft:beef":1,"minecraft:diamond_helmet":1,"minecraft:bamboo":41,"minecraft:iron_boots":1,"minecraft:stone":1,"minecraft:acacia_log":2,"sophisticatedbackpacks:backpack":1,"minecraft:sand":15,"minecraft:carrot":124,"minecraft:prismarine_crystals":1,"minecraft:leather_helmet":1,"minecraft:rotten_flesh":8,"minecraft:arrow":2,"minecraft:diamond_chestplate":1,"minecraft:cooked_cod":4,"minecraft:netherite_helmet":1,"minecraft:diamond_boots":1,"minecraft:iron_helmet":1,"minecraft:golden_apple":65,"minecraft:gold_ingot":114,"minecraft:emerald":5,"minecraft:netherite_chestplate":1,"minecraft:blaze_rod":63},"minecraft:killed_by":{"minecraft:player":2,"minecraft:zombie":7},"minecraft:dropped":{"minecraft:enchanted_book":22,"minecraft:iron_ingot":49,"minecraft:blaze_rod":63,"minecraft:diamond_leggings":1,"minecraft:netherite_helmet":1,"minecraft:netherite_chestplate":1,"minecraft:iron_helmet":1,"minecraft:rotten_flesh":1,"minecraft:iron_boots":1,"minecraft:leather":1,"minecraft:totem_of_undying":5,"minecraft:carrot":124,"minecraft:leather_helmet":1,"minecraft:golden_apple":65,"minecraft:netherite_leggings":1,"minecraft:leather_chestplate":1,"minecraft:golden_carrot":64,"minecraft:diamond_chestplate":1,"minecraft:iron_chestplate":1,"minecraft:leather_boots":1,"minecraft:diamond_helmet":1,"minecraft:netherite_boots":1,"minecraft:iron_leggings":1,"minecraft:leather_leggings":1,"minecraft:diamond_boots":1,"minecraft:gold_ingot":103}},"DataVersion":3465}