{"stats":{"minecraft:used":{"minecraft:oak_trapdoor":1,"minecraft:oak_door":1},"minecraft:killed":{"creeperoverhaul:bamboo_creeper":1},"minecraft:mined":{"minecraft:grass":2},"minecraft:custom":{"minecraft:jump":91,"minecraft:time_since_rest":17631,"minecraft:damage_dealt":424,"minecraft:sprint_one_cm":1570,"minecraft:play_time":17631,"minecraft:damage_taken":190,"minecraft:time_since_death":17631,"minecraft:walk_one_cm":18694,"minecraft:climb_one_cm":637,"minecraft:total_world_time":17631,"minecraft:mob_kills":1,"minecraft:fall_one_cm":627,"minecraft:fly_one_cm":5373},"minecraft:picked_up":{"minecraft:bamboo":1}},"DataVersion":3465}