{"stats":{"minecraft:mined":{"minecraft:grass":22,"minecraft:sand":3,"minecraft:oak_leaves":1,"minecraft:fern":4},"minecraft:killed_by":{"minecraft:player":2,"minecraft:zombie":5},"minecraft:custom":{"minecraft:time_since_rest":9852,"minecraft:sprint_one_cm":58373,"minecraft:walk_one_cm":155710,"minecraft:damage_taken":4275,"minecraft:damage_absorbed":40,"minecraft:mob_kills":10,"minecraft:drop":7,"minecraft:damage_dealt":4483,"minecraft:damage_dealt_absorbed":360,"minecraft:fly_one_cm":199020,"minecraft:player_kills":8,"minecraft:crouch_one_cm":1033,"minecraft:play_time":176387,"minecraft:deaths":17,"minecraft:sneak_time":713,"minecraft:walk_under_water_one_cm":2266,"minecraft:jump":1718,"minecraft:leave_game":2,"minecraft:walk_on_water_one_cm":2575,"minecraft:time_since_death":9826,"minecraft:climb_one_cm":2542,"minecraft:total_world_time":176387,"minecraft:fall_one_cm":30961},"minecraft:used":{"creeperoverhaul:dark_oak_creeper_spawn_egg":1,"minecraft:oak_trapdoor":2,"securitycraft:protecto":1,"minecraft:netherite_sword":11,"creeperoverhaul:mushroom_creeper_spawn_egg":1,"minecraft:flint_and_steel":1,"creeperoverhaul:cave_creeper_spawn_egg":1,"minecraft:stripped_birch_log":6,"minecraft:grass_block":3,"minecraft:ender_pearl":2,"securitycraft:mine":1,"minecraft:bamboo":1,"minecraft:oak_door":6,"minecraft:golden_apple":1,"minecraft:sand":62,"creeperoverhaul:hills_creeper_spawn_egg":1,"creeperoverhaul:snowy_creeper_spawn_egg":2,"minecraft:snowball":111,"creeperoverhaul:savannah_creeper_spawn_egg":1},"minecraft:dropped":{"minecraft:rotten_flesh":1,"minecraft:leather":1,"minecraft:totem_of_undying":5},"minecraft:picked_up":{"minecraft:stone":1,"minecraft:jungle_log":1,"minecraft:leather":2,"minecraft:acacia_log":2,"sophisticatedbackpacks:backpack":1,"minecraft:sand":15,"minecraft:bone":1,"minecraft:arrow":2,"minecraft:rotten_flesh":7,"minecraft:wheat_seeds":3,"minecraft:beef":1,"minecraft:bamboo":41},"minecraft:killed":{"minecraft:skeleton":1,"minecraft:zombie":3,"minecraft:spider":1,"minecraft:cow":1,"creeperoverhaul:bamboo_creeper":3}},"DataVersion":3465}