{"stats":{"minecraft:used":{"minecraft:spider_spawn_egg":3,"minecraft:creeper_spawn_egg":2,"minecraft:grass_block":789,"minecraft:bread":2,"minecraft:spawner":8,"minecraft:chest":5,"minecraft:stone":119,"minecraft:zombie_spawn_egg":4,"minecraft:totem_of_undying":3,"minecraft:dirt":3,"minecraft:sand":2,"minecraft:skeleton_spawn_egg":5,"minecraft:cave_spider_spawn_egg":2,"minecraft:cobweb":17},"minecraft:mined":{"minecraft:jungle_leaves":1,"minecraft:birch_leaves":1,"minecraft:grass":8,"minecraft:grass_block":2,"minecraft:oak_leaves":5,"minecraft:fern":1},"minecraft:picked_up":{"minecraft:porkchop":4,"minecraft:dirt":21,"minecraft:wheat_seeds":2},"minecraft:killed":{"minecraft:pig":2},"minecraft:dropped":{"minecraft:wheat_seeds":1},"minecraft:custom":{"minecraft:time_since_rest":50623,"minecraft:sprint_one_cm":268759,"minecraft:walk_one_cm":366890,"minecraft:damage_taken":15280,"minecraft:damage_absorbed":240,"minecraft:mob_kills":2,"minecraft:drop":1,"minecraft:damage_dealt":1100,"minecraft:swim_one_cm":7460,"minecraft:player_kills":3,"minecraft:fly_one_cm":1640577,"minecraft:open_chest":4,"minecraft:crouch_one_cm":31459,"minecraft:play_time":559854,"minecraft:deaths":25,"minecraft:sneak_time":10733,"minecraft:walk_under_water_one_cm":9833,"minecraft:jump":3187,"minecraft:leave_game":13,"minecraft:walk_on_water_one_cm":9803,"minecraft:time_since_death":50601,"minecraft:total_world_time":559854,"minecraft:climb_one_cm":2135,"minecraft:fall_one_cm":54291},"minecraft:killed_by":{"minecraft:zombie":1}},"DataVersion":3465}