{"stats":{"minecraft:mined":{"minecraft:grass":22,"minecraft:sand":2,"minecraft:oak_leaves":1,"minecraft:fern":4},"minecraft:killed_by":{"minecraft:zombie":5,"minecraft:player":2},"minecraft:custom":{"minecraft:time_since_rest":2431,"minecraft:crouch_one_cm":120,"minecraft:damage_absorbed":40,"minecraft:play_time":104387,"minecraft:sprint_one_cm":31467,"minecraft:damage_taken":3405,"minecraft:walk_one_cm":102891,"minecraft:deaths":10,"minecraft:sneak_time":115,"minecraft:walk_under_water_one_cm":465,"minecraft:mob_kills":6,"minecraft:drop":2,"minecraft:jump":1150,"minecraft:damage_dealt":3491,"minecraft:leave_game":2,"minecraft:time_since_death":2408,"minecraft:walk_on_water_one_cm":2195,"minecraft:total_world_time":104387,"minecraft:climb_one_cm":2542,"minecraft:fly_one_cm":115724,"minecraft:fall_one_cm":17048,"minecraft:player_kills":6},"minecraft:used":{"minecraft:oak_trapdoor":2,"minecraft:oak_door":6,"minecraft:bamboo":1,"minecraft:golden_apple":1,"minecraft:stripped_birch_log":6,"minecraft:grass_block":3,"minecraft:ender_pearl":2},"minecraft:picked_up":{"minecraft:rotten_flesh":6,"minecraft:jungle_log":1,"minecraft:leather":2,"minecraft:wheat_seeds":3,"minecraft:beef":1,"minecraft:bamboo":41},"minecraft:dropped":{"minecraft:rotten_flesh":1,"minecraft:leather":1},"minecraft:killed":{"minecraft:zombie":2,"minecraft:cow":1,"creeperoverhaul:bamboo_creeper":2}},"DataVersion":3465}