{"stats":{"minecraft:picked_up":{"minecraft:dirt":21},"minecraft:used":{"minecraft:spider_spawn_egg":3,"minecraft:sand":2,"minecraft:dirt":3,"minecraft:skeleton_spawn_egg":5,"minecraft:grass_block":705,"minecraft:bread":1,"minecraft:spawner":8,"minecraft:cave_spider_spawn_egg":2,"minecraft:chest":5,"minecraft:zombie_spawn_egg":4,"minecraft:cobweb":17,"minecraft:totem_of_undying":3,"minecraft:creeper_spawn_egg":2},"minecraft:killed_by":{"minecraft:zombie":1},"minecraft:mined":{"minecraft:grass":2,"minecraft:grass_block":1,"minecraft:oak_leaves":3},"minecraft:custom":{"minecraft:time_since_rest":1027,"minecraft:open_chest":1,"minecraft:damage_absorbed":240,"minecraft:crouch_one_cm":28795,"minecraft:sprint_one_cm":160303,"minecraft:play_time":346639,"minecraft:damage_taken":9315,"minecraft:deaths":20,"minecraft:walk_one_cm":219480,"minecraft:sneak_time":8862,"minecraft:walk_under_water_one_cm":6091,"minecraft:jump":1818,"minecraft:damage_dealt":395,"minecraft:leave_game":5,"minecraft:walk_on_water_one_cm":4047,"minecraft:time_since_death":997,"minecraft:climb_one_cm":1310,"minecraft:total_world_time":346639,"minecraft:swim_one_cm":4041,"minecraft:fall_one_cm":34684,"minecraft:fly_one_cm":945936,"minecraft:player_kills":2}},"DataVersion":3465}