{"stats":{"minecraft:picked_up":{"minecraft:dirt":21},"minecraft:used":{"minecraft:spider_spawn_egg":3,"minecraft:dirt":3,"minecraft:sand":2,"minecraft:skeleton_spawn_egg":5,"minecraft:grass_block":705,"minecraft:bread":1,"minecraft:spawner":8,"minecraft:cave_spider_spawn_egg":2,"minecraft:chest":5,"minecraft:zombie_spawn_egg":4,"minecraft:cobweb":17,"minecraft:totem_of_undying":3,"minecraft:creeper_spawn_egg":2},"minecraft:killed_by":{"minecraft:zombie":1},"minecraft:mined":{"minecraft:grass_block":1,"minecraft:oak_leaves":1},"minecraft:custom":{"minecraft:open_chest":1,"minecraft:time_since_rest":13940,"minecraft:crouch_one_cm":28510,"minecraft:deaths":15,"minecraft:sprint_one_cm":105112,"minecraft:play_time":311196,"minecraft:walk_one_cm":146765,"minecraft:damage_taken":8265,"minecraft:damage_absorbed":240,"minecraft:sneak_time":8715,"minecraft:walk_under_water_one_cm":6091,"minecraft:jump":1530,"minecraft:damage_dealt":65,"minecraft:leave_game":2,"minecraft:time_since_death":13913,"minecraft:walk_on_water_one_cm":4047,"minecraft:climb_one_cm":1310,"minecraft:total_world_time":311196,"minecraft:swim_one_cm":4041,"minecraft:fall_one_cm":26441,"minecraft:fly_one_cm":855849}},"DataVersion":3465}