{"stats":{"minecraft:used":{"minecraft:spider_spawn_egg":3,"minecraft:sand":2,"minecraft:dirt":3,"minecraft:skeleton_spawn_egg":5,"minecraft:grass_block":789,"minecraft:bread":2,"minecraft:spawner":8,"minecraft:cave_spider_spawn_egg":2,"minecraft:chest":5,"minecraft:zombie_spawn_egg":4,"minecraft:cobweb":17,"minecraft:totem_of_undying":3,"minecraft:creeper_spawn_egg":2},"minecraft:mined":{"minecraft:grass":8,"minecraft:grass_block":2,"minecraft:birch_leaves":1,"minecraft:oak_leaves":5},"minecraft:picked_up":{"minecraft:wheat_seeds":2,"minecraft:dirt":21},"minecraft:dropped":{"minecraft:wheat_seeds":1},"minecraft:custom":{"minecraft:time_since_rest":2827,"minecraft:open_chest":2,"minecraft:damage_taken":14800,"minecraft:crouch_one_cm":30250,"minecraft:sprint_one_cm":225257,"minecraft:play_time":512058,"minecraft:damage_absorbed":240,"minecraft:deaths":25,"minecraft:walk_one_cm":307639,"minecraft:sneak_time":10235,"minecraft:walk_under_water_one_cm":9079,"minecraft:drop":1,"minecraft:jump":2658,"minecraft:damage_dealt":395,"minecraft:leave_game":12,"minecraft:time_since_death":2805,"minecraft:walk_on_water_one_cm":9799,"minecraft:climb_one_cm":1581,"minecraft:total_world_time":512058,"minecraft:swim_one_cm":7460,"minecraft:fall_one_cm":49287,"minecraft:fly_one_cm":1522014,"minecraft:player_kills":2},"minecraft:killed_by":{"minecraft:zombie":1}},"DataVersion":3465}