{"stats":{"minecraft:used":{"minecraft:oak_trapdoor":2,"minecraft:bamboo":1,"minecraft:oak_door":6,"minecraft:golden_apple":1,"minecraft:stripped_birch_log":6,"minecraft:grass_block":3,"minecraft:ender_pearl":2},"minecraft:killed":{"creeperoverhaul:bamboo_creeper":1},"minecraft:mined":{"minecraft:grass":4,"minecraft:fern":1},"minecraft:custom":{"minecraft:time_since_rest":29631,"minecraft:damage_absorbed":40,"minecraft:play_time":29631,"minecraft:sprint_one_cm":6641,"minecraft:damage_taken":270,"minecraft:walk_one_cm":33752,"minecraft:mob_kills":1,"minecraft:jump":263,"minecraft:damage_dealt":1184,"minecraft:time_since_death":29631,"minecraft:total_world_time":29631,"minecraft:climb_one_cm":1247,"minecraft:fly_one_cm":19569,"minecraft:fall_one_cm":5838},"minecraft:picked_up":{"minecraft:wheat_seeds":1,"minecraft:bamboo":1}},"DataVersion":3465}