{"stats":{"minecraft:picked_up":{"minecraft:dirt":20},"minecraft:used":{"minecraft:sand":2,"minecraft:totem_of_undying":3,"minecraft:grass_block":677},"minecraft:killed_by":{"minecraft:zombie":1},"minecraft:custom":{"minecraft:jump":1178,"minecraft:time_since_rest":45782,"minecraft:damage_absorbed":240,"minecraft:damage_dealt":65,"minecraft:walk_on_water_one_cm":3257,"minecraft:damage_taken":1755,"minecraft:crouch_one_cm":27271,"minecraft:leave_game":2,"minecraft:play_time":233238,"minecraft:sprint_one_cm":78667,"minecraft:time_since_death":45755,"minecraft:walk_one_cm":107953,"minecraft:deaths":3,"minecraft:sneak_time":7576,"minecraft:total_world_time":233238,"minecraft:walk_under_water_one_cm":1496,"minecraft:swim_one_cm":1815,"minecraft:fall_one_cm":9061,"minecraft:fly_one_cm":447829}},"DataVersion":3465}