{"stats":{"minecraft:used":{"minecraft:oak_trapdoor":2,"minecraft:bamboo":1,"minecraft:oak_door":6,"minecraft:golden_apple":1,"minecraft:stripped_birch_log":6,"minecraft:grass_block":3,"minecraft:ender_pearl":2},"minecraft:killed":{"minecraft:zombie":2,"minecraft:cow":1,"creeperoverhaul:bamboo_creeper":2},"minecraft:mined":{"minecraft:grass":19,"minecraft:fern":2},"minecraft:custom":{"minecraft:time_since_rest":77631,"minecraft:crouch_one_cm":120,"minecraft:damage_absorbed":40,"minecraft:play_time":77631,"minecraft:sprint_one_cm":23452,"minecraft:damage_taken":1365,"minecraft:walk_one_cm":64401,"minecraft:sneak_time":76,"minecraft:mob_kills":5,"minecraft:drop":1,"minecraft:jump":756,"minecraft:damage_dealt":2641,"minecraft:time_since_death":77631,"minecraft:total_world_time":77631,"minecraft:climb_one_cm":2542,"minecraft:fly_one_cm":87706,"minecraft:fall_one_cm":12415,"minecraft:player_kills":3},"minecraft:picked_up":{"minecraft:rotten_flesh":1,"minecraft:jungle_log":1,"minecraft:leather":2,"minecraft:wheat_seeds":1,"minecraft:beef":1,"minecraft:bamboo":41},"minecraft:dropped":{"minecraft:leather":1}},"DataVersion":3465}