{"stats":{"minecraft:custom":{"minecraft:time_since_rest":18213,"minecraft:open_chest":1,"minecraft:damage_absorbed":240,"minecraft:crouch_one_cm":29390,"minecraft:sprint_one_cm":186246,"minecraft:play_time":409912,"minecraft:damage_taken":11630,"minecraft:deaths":23,"minecraft:walk_one_cm":253248,"minecraft:sneak_time":9582,"minecraft:walk_under_water_one_cm":7021,"minecraft:jump":2143,"minecraft:damage_dealt":395,"minecraft:leave_game":8,"minecraft:walk_on_water_one_cm":5167,"minecraft:time_since_death":18174,"minecraft:climb_one_cm":1396,"minecraft:total_world_time":409912,"minecraft:swim_one_cm":4563,"minecraft:fall_one_cm":38143,"minecraft:fly_one_cm":1189955,"minecraft:player_kills":2},"minecraft:killed_by":{"minecraft:zombie":1},"minecraft:mined":{"minecraft:grass":3,"minecraft:grass_block":1,"minecraft:oak_leaves":4},"minecraft:picked_up":{"minecraft:wheat_seeds":1,"minecraft:dirt":21},"minecraft:used":{"minecraft:spider_spawn_egg":3,"minecraft:sand":2,"minecraft:dirt":3,"minecraft:skeleton_spawn_egg":5,"minecraft:grass_block":752,"minecraft:bread":1,"minecraft:spawner":8,"minecraft:cave_spider_spawn_egg":2,"minecraft:chest":5,"minecraft:zombie_spawn_egg":4,"minecraft:cobweb":17,"minecraft:totem_of_undying":3,"minecraft:creeper_spawn_egg":2}},"DataVersion":3465}