{"stats":{"minecraft:picked_up":{"minecraft:dirt":20},"minecraft:used":{"minecraft:totem_of_undying":3,"minecraft:grass_block":677},"minecraft:killed_by":{"minecraft:zombie":1},"minecraft:custom":{"minecraft:jump":1080,"minecraft:time_since_rest":9782,"minecraft:damage_absorbed":240,"minecraft:damage_dealt":65,"minecraft:walk_on_water_one_cm":305,"minecraft:damage_taken":1755,"minecraft:crouch_one_cm":26116,"minecraft:leave_game":2,"minecraft:play_time":197238,"minecraft:sprint_one_cm":72605,"minecraft:time_since_death":9755,"minecraft:walk_one_cm":100834,"minecraft:deaths":3,"minecraft:sneak_time":6891,"minecraft:total_world_time":197238,"minecraft:walk_under_water_one_cm":57,"minecraft:swim_one_cm":753,"minecraft:fall_one_cm":9061,"minecraft:fly_one_cm":365752}},"DataVersion":3465}