{"stats":{"minecraft:picked_up":{"minecraft:dirt":21},"minecraft:used":{"minecraft:dirt":3,"minecraft:sand":2,"minecraft:grass_block":677,"minecraft:totem_of_undying":3},"minecraft:killed_by":{"minecraft:zombie":1},"minecraft:mined":{"minecraft:grass_block":1,"minecraft:oak_leaves":1},"minecraft:custom":{"minecraft:time_since_rest":6261,"minecraft:crouch_one_cm":27461,"minecraft:deaths":9,"minecraft:sprint_one_cm":95521,"minecraft:play_time":257206,"minecraft:walk_one_cm":122296,"minecraft:damage_taken":5315,"minecraft:damage_absorbed":240,"minecraft:sneak_time":7917,"minecraft:walk_under_water_one_cm":1642,"minecraft:jump":1357,"minecraft:damage_dealt":65,"minecraft:leave_game":2,"minecraft:time_since_death":6240,"minecraft:walk_on_water_one_cm":3517,"minecraft:total_world_time":257206,"minecraft:swim_one_cm":1815,"minecraft:fall_one_cm":16275,"minecraft:fly_one_cm":636893}},"DataVersion":3465}