{"stats":{"minecraft:picked_up":{"minecraft:wheat_seeds":1,"minecraft:dirt":21},"minecraft:mined":{"minecraft:grass":3,"minecraft:grass_block":2,"minecraft:oak_leaves":5},"minecraft:custom":{"minecraft:time_since_rest":38522,"minecraft:open_chest":1,"minecraft:damage_taken":12860,"minecraft:crouch_one_cm":29618,"minecraft:sprint_one_cm":201974,"minecraft:play_time":455983,"minecraft:damage_absorbed":240,"minecraft:deaths":24,"minecraft:walk_one_cm":267146,"minecraft:sneak_time":9772,"minecraft:walk_under_water_one_cm":7021,"minecraft:jump":2314,"minecraft:damage_dealt":395,"minecraft:leave_game":10,"minecraft:walk_on_water_one_cm":5167,"minecraft:time_since_death":38491,"minecraft:climb_one_cm":1396,"minecraft:total_world_time":455983,"minecraft:swim_one_cm":4563,"minecraft:fall_one_cm":41458,"minecraft:fly_one_cm":1308523,"minecraft:player_kills":2},"minecraft:killed_by":{"minecraft:zombie":1},"minecraft:used":{"minecraft:spider_spawn_egg":3,"minecraft:sand":2,"minecraft:dirt":3,"minecraft:skeleton_spawn_egg":5,"minecraft:grass_block":752,"minecraft:bread":1,"minecraft:spawner":8,"minecraft:cave_spider_spawn_egg":2,"minecraft:chest":5,"minecraft:zombie_spawn_egg":4,"minecraft:cobweb":17,"minecraft:totem_of_undying":3,"minecraft:creeper_spawn_egg":2}},"DataVersion":3465}