{"stats":{"minecraft:used":{"minecraft:oak_trapdoor":2,"minecraft:bamboo":1,"minecraft:oak_door":6,"minecraft:golden_apple":1,"minecraft:stripped_birch_log":6,"minecraft:grass_block":3,"minecraft:ender_pearl":2},"minecraft:killed":{"minecraft:zombie":2,"minecraft:cow":1,"creeperoverhaul:bamboo_creeper":1},"minecraft:mined":{"minecraft:grass":7,"minecraft:fern":1},"minecraft:custom":{"minecraft:time_since_rest":53631,"minecraft:crouch_one_cm":10,"minecraft:damage_absorbed":40,"minecraft:play_time":53631,"minecraft:sprint_one_cm":10364,"minecraft:damage_taken":995,"minecraft:walk_one_cm":47379,"minecraft:sneak_time":2,"minecraft:mob_kills":4,"minecraft:drop":1,"minecraft:jump":509,"minecraft:damage_dealt":1903,"minecraft:time_since_death":53631,"minecraft:total_world_time":53631,"minecraft:climb_one_cm":1974,"minecraft:fly_one_cm":30712,"minecraft:fall_one_cm":10436},"minecraft:picked_up":{"minecraft:rotten_flesh":1,"minecraft:leather":2,"minecraft:wheat_seeds":1,"minecraft:beef":1,"minecraft:bamboo":10},"minecraft:dropped":{"minecraft:leather":1}},"DataVersion":3465}