{"stats":{"minecraft:used":{"minecraft:oak_trapdoor":2,"minecraft:bamboo":1,"minecraft:oak_door":6,"minecraft:golden_apple":1,"minecraft:stripped_birch_log":6,"minecraft:grass_block":3,"minecraft:ender_pearl":2},"minecraft:killed":{"minecraft:zombie":2,"minecraft:cow":1,"creeperoverhaul:bamboo_creeper":2},"minecraft:mined":{"minecraft:grass":8,"minecraft:fern":1},"minecraft:custom":{"minecraft:time_since_rest":65631,"minecraft:crouch_one_cm":10,"minecraft:damage_absorbed":40,"minecraft:play_time":65631,"minecraft:sprint_one_cm":14600,"minecraft:damage_taken":1110,"minecraft:walk_one_cm":55877,"minecraft:sneak_time":2,"minecraft:mob_kills":5,"minecraft:drop":1,"minecraft:jump":599,"minecraft:damage_dealt":2338,"minecraft:time_since_death":65631,"minecraft:total_world_time":65631,"minecraft:climb_one_cm":2245,"minecraft:fly_one_cm":39252,"minecraft:fall_one_cm":11330,"minecraft:player_kills":2},"minecraft:picked_up":{"minecraft:rotten_flesh":1,"minecraft:leather":2,"minecraft:wheat_seeds":1,"minecraft:beef":1,"minecraft:bamboo":10},"minecraft:dropped":{"minecraft:leather":1}},"DataVersion":3465}