{"stats":{"minecraft:killed":{"minecraft:cave_spider":2,"minecraft:spider":2,"minecraft:skeleton":3,"minecraft:iron_golem":1,"minecraft:sheep":2,"minecraft:zombie":3},"minecraft:custom":{"minecraft:interact_with_smithing_table":4,"minecraft:mob_kills":13,"minecraft:interact_with_crafting_table":17,"minecraft:leave_game":1,"minecraft:time_since_death":36358,"minecraft:climb_one_cm":6495,"minecraft:sprint_one_cm":178534,"minecraft:walk_one_cm":79208,"minecraft:damage_blocked_by_shield":2220,"minecraft:drop":58,"minecraft:play_time":57234,"minecraft:deaths":3,"minecraft:sneak_time":2959,"minecraft:walk_under_water_one_cm":17288,"minecraft:jump":1597,"minecraft:walk_on_water_one_cm":29077,"minecraft:total_world_time":57234,"minecraft:time_since_rest":36384,"minecraft:damage_taken":3424,"minecraft:damage_absorbed":542,"minecraft:damage_dealt":4447,"minecraft:swim_one_cm":94883,"minecraft:fly_one_cm":359761,"minecraft:player_kills":5,"minecraft:open_chest":6,"minecraft:crouch_one_cm":4429,"minecraft:fall_one_cm":37473},"minecraft:used":{"minecraft:shield":37,"minecraft:iron_sword":11,"minecraft:dirt":19,"minecraft:carrot":5,"minecraft:wooden_axe":18,"minecraft:lava_bucket":3,"minecraft:iron_axe":18,"minecraft:iron_helmet":1,"minecraft:diamond_chestplate":2,"minecraft:golden_carrot":10,"minecraft:water_bucket":51,"minecraft:stone_pickaxe":1,"minecraft:oak_planks":3,"minecraft:ender_pearl":8,"minecraft:wooden_pickaxe":24,"minecraft:composter":1,"minecraft:diamond_axe":21,"minecraft:oak_leaves":14,"minecraft:golden_apple":17,"minecraft:crafting_table":14,"minecraft:shears":262,"minecraft:diamond_pickaxe":122,"minecraft:bread":2,"minecraft:stone_axe":23,"minecraft:diamond_sword":28,"minecraft:cobblestone":9,"minecraft:smithing_table":2,"minecraft:bucket":56,"minecraft:diamond_leggings":3},"minecraft:mined":{"minecraft:deepslate_diamond_ore":3,"minecraft:jungle_leaves":1,"minecraft:obsidian":5,"minecraft:granite":15,"minecraft:grass_block":4,"minecraft:composter":1,"minecraft:spawner":2,"minecraft:hay_block":3,"minecraft:carrots":2,"minecraft:andesite":30,"minecraft:stone":78,"minecraft:smithing_table":2,"minecraft:oak_fence":1,"minecraft:crafting_table":15,"minecraft:chest":15,"minecraft:tall_grass":2,"minecraft:cobblestone":2,"minecraft:grass":10,"minecraft:coal_ore":2,"minecraft:oak_log":16,"minecraft:dirt":27,"minecraft:cobweb":87,"minecraft:oak_leaves":183,"minecraft:fern":1},"minecraft:crafted":{"minecraft:oak_planks":48,"minecraft:cobblestone_slab":6,"minecraft:netherite_chestplate":1,"minecraft:diamond_helmet":1,"minecraft:iron_axe":1,"minecraft:stone_pickaxe":1,"minecraft:diamond_boots":1,"minecraft:wheat":27,"minecraft:diamond_sword":1,"minecraft:diamond_axe":1,"minecraft:crafting_table":3,"minecraft:wooden_pickaxe":2,"minecraft:iron_helmet":1,"minecraft:iron_sword":1,"minecraft:smithing_table":1,"minecraft:bucket":2,"minecraft:stone_axe":2,"minecraft:bread":9,"minecraft:diamond_pickaxe":1,"minecraft:shield":1,"minecraft:stick":28,"minecraft:iron_pickaxe":1,"minecraft:iron_block":3,"minecraft:stone_sword":2,"minecraft:shears":2},"minecraft:picked_up":{"minecraft:crafting_table":15,"minecraft:leather_leggings":1,"minecraft:smithing_table":2,"minecraft:wooden_pickaxe":2,"minecraft:enchanted_book":8,"minecraft:string":12,"minecraft:netherite_ingot":1,"minecraft:diamond_leggings":2,"minecraft:netherite_upgrade_smithing_template":3,"minecraft:poppy":2,"minecraft:chest":15,"minecraft:iron_boots":3,"minecraft:stick":3,"minecraft:composter":2,"minecraft:oak_fence":1,"minecraft:carrot":114,"minecraft:arrow":2,"minecraft:rotten_flesh":3,"minecraft:diamond_chestplate":1,"minecraft:shears":1,"minecraft:hay_block":3,"minecraft:iron_block":3,"minecraft:gold_ingot":40,"minecraft:blaze_rod":9,"minecraft:mutton":2,"minecraft:obsidian":4,"minecraft:cobblestone":43,"minecraft:white_wool":2,"minecraft:golden_carrot":93,"minecraft:andesite":7,"minecraft:oak_log":15,"minecraft:gunpowder":1,"minecraft:dirt":34,"minecraft:bone":2,"minecraft:apple":1,"minecraft:wheat_seeds":5,"minecraft:iron_ingot":54,"minecraft:cobweb":64,"minecraft:diamond_helmet":2,"minecraft:iron_sword":1,"minecraft:spider_eye":1,"minecraft:leather_helmet":1,"minecraft:diamond":41,"minecraft:iron_helmet":2,"minecraft:grass":2,"minecraft:golden_apple":24,"minecraft:coal":4,"minecraft:oak_leaves":88,"minecraft:ender_pearl":4},"minecraft:killed_by":{"minecraft:cave_spider":1},"minecraft:dropped":{"minecraft:enchanted_book":3,"minecraft:iron_ingot":1,"minecraft:iron_sword":2,"minecraft:wheat_seeds":4,"minecraft:diamond_leggings":2,"minecraft:oak_fence":1,"minecraft:iron_helmet":3,"minecraft:coal":2,"minecraft:leather_helmet":1,"minecraft:stick":6,"minecraft:dirt":15,"minecraft:grass":2,"minecraft:mutton":2,"minecraft:diamond_helmet":2,"minecraft:iron_axe":1,"minecraft:iron_pickaxe":1,"minecraft:string":12,"minecraft:white_wool":2,"minecraft:bone":2,"minecraft:stone_axe":1,"minecraft:stone_sword":1,"minecraft:composter":1,"minecraft:rotten_flesh":3,"minecraft:iron_boots":4,"minecraft:oak_planks":1,"minecraft:shears":2,"minecraft:poppy":2,"minecraft:gunpowder":1,"minecraft:leather_leggings":1,"minecraft:spider_eye":1,"minecraft:arrow":2,"minecraft:wooden_pickaxe":3,"minecraft:stone_pickaxe":1}},"DataVersion":3465}