{"stats":{"minecraft:killed":{"minecraft:iron_golem":1},"minecraft:custom":{"minecraft:time_since_rest":2560,"minecraft:sprint_one_cm":30762,"minecraft:damage_taken":890,"minecraft:walk_one_cm":21311,"minecraft:mob_kills":1,"minecraft:drop":3,"minecraft:damage_dealt":1839,"minecraft:swim_one_cm":10430,"minecraft:interact_with_crafting_table":3,"minecraft:fly_one_cm":66150,"minecraft:player_kills":5,"minecraft:crouch_one_cm":1417,"minecraft:play_time":9234,"minecraft:deaths":2,"minecraft:sneak_time":951,"minecraft:walk_under_water_one_cm":322,"minecraft:jump":277,"minecraft:leave_game":1,"minecraft:walk_on_water_one_cm":3262,"minecraft:time_since_death":2452,"minecraft:total_world_time":9234,"minecraft:fall_one_cm":2955},"minecraft:used":{"minecraft:wooden_axe":18,"minecraft:bread":2,"minecraft:oak_planks":3,"minecraft:wooden_pickaxe":6,"minecraft:stone_axe":11,"minecraft:dirt":6,"minecraft:crafting_table":2,"minecraft:carrot":4},"minecraft:mined":{"minecraft:hay_block":3,"minecraft:carrots":2,"minecraft:crafting_table":2,"minecraft:grass":5,"minecraft:oak_log":5,"minecraft:dirt":6,"minecraft:stone":6},"minecraft:crafted":{"minecraft:oak_planks":16,"minecraft:crafting_table":1,"minecraft:stick":8,"minecraft:wooden_pickaxe":1,"minecraft:stone_sword":1,"minecraft:stone_axe":1,"minecraft:bread":9,"minecraft:wheat":27},"minecraft:picked_up":{"minecraft:crafting_table":2,"minecraft:oak_log":5,"minecraft:carrot":4,"minecraft:dirt":6,"minecraft:wheat_seeds":2,"minecraft:hay_block":3,"minecraft:iron_ingot":4,"minecraft:poppy":2,"minecraft:cobblestone":7},"minecraft:dropped":{"minecraft:poppy":2,"minecraft:wheat_seeds":1}},"DataVersion":3465}