{"stats":{"minecraft:killed":{"minecraft:cave_spider":2,"minecraft:spider":3,"minecraft:skeleton":3,"minecraft:iron_golem":1,"minecraft:sheep":2,"minecraft:zombie":3},"minecraft:custom":{"minecraft:interact_with_smithing_table":4,"minecraft:interact_with_anvil":6,"minecraft:mob_kills":14,"minecraft:interact_with_crafting_table":22,"minecraft:leave_game":2,"minecraft:time_since_death":0,"minecraft:climb_one_cm":8931,"minecraft:sprint_one_cm":215885,"minecraft:walk_one_cm":104742,"minecraft:damage_blocked_by_shield":3495,"minecraft:drop":63,"minecraft:damage_dealt_absorbed":240,"minecraft:play_time":76241,"minecraft:deaths":8,"minecraft:sneak_time":3114,"minecraft:walk_under_water_one_cm":24434,"minecraft:boat_one_cm":22941,"minecraft:jump":2075,"minecraft:walk_on_water_one_cm":43438,"minecraft:total_world_time":76241,"minecraft:time_since_rest":1,"minecraft:damage_taken":6418,"minecraft:damage_absorbed":938,"minecraft:damage_dealt":5191,"minecraft:swim_one_cm":152396,"minecraft:fly_one_cm":456000,"minecraft:player_kills":5,"minecraft:open_chest":16,"minecraft:crouch_one_cm":4454,"minecraft:fall_one_cm":47777},"minecraft:used":{"minecraft:shield":46,"minecraft:iron_sword":11,"minecraft:dirt":19,"minecraft:anvil":1,"minecraft:carrot":5,"minecraft:diamond_helmet":1,"minecraft:wooden_axe":18,"minecraft:lava_bucket":8,"minecraft:iron_axe":18,"minecraft:iron_helmet":1,"minecraft:diamond_chestplate":2,"minecraft:golden_carrot":19,"minecraft:water_bucket":57,"minecraft:diamond_boots":1,"minecraft:netherite_chestplate":1,"minecraft:stone_pickaxe":1,"minecraft:oak_planks":3,"minecraft:ender_pearl":8,"minecraft:wooden_pickaxe":24,"minecraft:composter":1,"minecraft:diamond_axe":43,"minecraft:oak_leaves":64,"minecraft:golden_apple":28,"minecraft:crafting_table":17,"minecraft:shears":262,"minecraft:diamond_pickaxe":123,"minecraft:bread":2,"minecraft:stone_axe":23,"minecraft:diamond_sword":91,"minecraft:cobblestone":9,"minecraft:smithing_table":2,"minecraft:bucket":67,"minecraft:diamond_leggings":3,"minecraft:cobweb":4},"minecraft:mined":{"minecraft:deepslate_diamond_ore":3,"minecraft:jungle_leaves":1,"minecraft:obsidian":5,"minecraft:ladder":2,"minecraft:granite":15,"minecraft:grass_block":4,"minecraft:composter":1,"minecraft:spawner":3,"minecraft:hay_block":3,"minecraft:carrots":2,"minecraft:andesite":30,"minecraft:stone":78,"minecraft:smithing_table":2,"minecraft:kelp_plant":1,"minecraft:oak_fence":1,"minecraft:crafting_table":15,"minecraft:chest":15,"minecraft:tall_grass":2,"minecraft:cobblestone":2,"minecraft:grass":10,"minecraft:coal_ore":2,"minecraft:oak_log":16,"minecraft:dirt":27,"minecraft:cobweb":87,"minecraft:oak_leaves":185,"minecraft:fern":1},"minecraft:crafted":{"minecraft:oak_planks":56,"minecraft:cobblestone_slab":6,"minecraft:netherite_chestplate":1,"minecraft:diamond_helmet":2,"minecraft:diamond_leggings":1,"minecraft:iron_axe":1,"minecraft:stone_pickaxe":1,"minecraft:diamond_boots":2,"minecraft:wheat":27,"minecraft:diamond_sword":2,"minecraft:diamond_axe":1,"minecraft:crafting_table":3,"minecraft:wooden_pickaxe":2,"minecraft:iron_helmet":1,"minecraft:iron_sword":1,"minecraft:smithing_table":1,"minecraft:bucket":2,"minecraft:stone_axe":2,"minecraft:bread":9,"minecraft:diamond_pickaxe":1,"minecraft:shield":1,"minecraft:stick":32,"minecraft:iron_pickaxe":1,"minecraft:iron_block":3,"minecraft:stone_sword":2,"minecraft:anvil":1,"minecraft:shears":2,"minecraft:diamond_chestplate":1},"minecraft:picked_up":{"minecraft:crafting_table":15,"minecraft:ladder":2,"minecraft:leather_leggings":1,"minecraft:smithing_table":2,"minecraft:diamond_sword":1,"minecraft:wooden_pickaxe":2,"minecraft:enchanted_book":8,"minecraft:string":13,"minecraft:netherite_ingot":1,"minecraft:diamond_leggings":3,"minecraft:netherite_upgrade_smithing_template":3,"minecraft:poppy":2,"minecraft:chest":15,"minecraft:iron_boots":3,"minecraft:stick":3,"minecraft:composter":2,"minecraft:oak_fence":1,"minecraft:carrot":114,"minecraft:arrow":2,"minecraft:rotten_flesh":3,"minecraft:diamond_chestplate":1,"minecraft:shears":1,"minecraft:diamond_boots":2,"minecraft:hay_block":3,"minecraft:iron_block":3,"minecraft:gold_ingot":40,"minecraft:netherite_chestplate":1,"minecraft:blaze_rod":9,"minecraft:mutton":2,"minecraft:obsidian":4,"minecraft:cobblestone":43,"minecraft:white_wool":2,"minecraft:golden_carrot":93,"minecraft:andesite":7,"minecraft:oak_log":15,"minecraft:gunpowder":1,"minecraft:dirt":34,"minecraft:bone":4,"minecraft:apple":1,"minecraft:kelp":5,"minecraft:wheat_seeds":5,"minecraft:iron_ingot":54,"minecraft:cobweb":64,"minecraft:diamond_helmet":3,"minecraft:iron_sword":1,"minecraft:spider_eye":1,"minecraft:leather_helmet":1,"minecraft:diamond":41,"minecraft:iron_helmet":2,"minecraft:diamond_axe":1,"minecraft:grass":2,"minecraft:golden_apple":24,"minecraft:coal":4,"minecraft:oak_leaves":88,"minecraft:diamond_pickaxe":1,"minecraft:ender_pearl":4},"minecraft:killed_by":{"minecraft:player":5,"minecraft:cave_spider":1},"minecraft:dropped":{"minecraft:enchanted_book":3,"minecraft:iron_ingot":1,"minecraft:iron_sword":2,"minecraft:wheat_seeds":4,"minecraft:diamond_leggings":2,"minecraft:oak_fence":1,"minecraft:iron_helmet":3,"minecraft:coal":2,"minecraft:leather_helmet":1,"minecraft:stick":6,"minecraft:dirt":15,"minecraft:grass":2,"minecraft:mutton":2,"minecraft:diamond_helmet":2,"minecraft:iron_axe":1,"minecraft:iron_pickaxe":1,"minecraft:string":12,"minecraft:white_wool":2,"minecraft:bone":2,"minecraft:stone_axe":1,"minecraft:kelp":5,"minecraft:stone_sword":1,"minecraft:composter":1,"minecraft:rotten_flesh":3,"minecraft:iron_boots":4,"minecraft:oak_planks":1,"minecraft:shears":2,"minecraft:poppy":2,"minecraft:gunpowder":1,"minecraft:leather_leggings":1,"minecraft:spider_eye":1,"minecraft:arrow":2,"minecraft:wooden_pickaxe":3,"minecraft:stone_pickaxe":1},"minecraft:broken":{"minecraft:shield":1}},"DataVersion":3465}