{"stats":{"minecraft:killed":{"minecraft:cave_spider":2,"minecraft:spider":1,"minecraft:iron_golem":1,"minecraft:sheep":2,"minecraft:skeleton":3,"minecraft:zombie":3},"minecraft:custom":{"minecraft:interact_with_smithing_table":2,"minecraft:mob_kills":12,"minecraft:interact_with_crafting_table":16,"minecraft:leave_game":1,"minecraft:time_since_death":24358,"minecraft:climb_one_cm":5066,"minecraft:time_since_rest":24384,"minecraft:sprint_one_cm":161354,"minecraft:damage_absorbed":502,"minecraft:damage_taken":3044,"minecraft:walk_one_cm":68921,"minecraft:damage_blocked_by_shield":1965,"minecraft:drop":48,"minecraft:damage_dealt":4152,"minecraft:swim_one_cm":80710,"minecraft:player_kills":5,"minecraft:fly_one_cm":330589,"minecraft:open_chest":6,"minecraft:crouch_one_cm":4237,"minecraft:play_time":45234,"minecraft:deaths":3,"minecraft:sneak_time":2649,"minecraft:walk_under_water_one_cm":10522,"minecraft:jump":1348,"minecraft:walk_on_water_one_cm":17555,"minecraft:total_world_time":45234,"minecraft:fall_one_cm":32746},"minecraft:used":{"minecraft:water_bucket":39,"minecraft:stone_pickaxe":1,"minecraft:oak_planks":3,"minecraft:ender_pearl":8,"minecraft:wooden_pickaxe":24,"minecraft:shield":35,"minecraft:iron_sword":11,"minecraft:diamond_axe":20,"minecraft:composter":1,"minecraft:oak_leaves":5,"minecraft:golden_apple":15,"minecraft:dirt":19,"minecraft:crafting_table":13,"minecraft:carrot":4,"minecraft:shears":262,"minecraft:wooden_axe":18,"minecraft:diamond_pickaxe":6,"minecraft:iron_axe":18,"minecraft:bread":2,"minecraft:iron_helmet":1,"minecraft:stone_axe":23,"minecraft:diamond_chestplate":2,"minecraft:diamond_sword":24,"minecraft:cobblestone":9,"minecraft:golden_carrot":9,"minecraft:smithing_table":1,"minecraft:bucket":41,"minecraft:diamond_leggings":3},"minecraft:mined":{"minecraft:smithing_table":1,"minecraft:jungle_leaves":1,"minecraft:crafting_table":15,"minecraft:oak_fence":1,"minecraft:grass_block":2,"minecraft:chest":15,"minecraft:cobblestone":2,"minecraft:tall_grass":2,"minecraft:composter":1,"minecraft:spawner":2,"minecraft:hay_block":3,"minecraft:carrots":2,"minecraft:grass":10,"minecraft:oak_log":16,"minecraft:coal_ore":2,"minecraft:dirt":18,"minecraft:cobweb":87,"minecraft:stone":24,"minecraft:oak_leaves":181},"minecraft:crafted":{"minecraft:oak_planks":48,"minecraft:cobblestone_slab":6,"minecraft:diamond_sword":1,"minecraft:diamond_axe":1,"minecraft:crafting_table":3,"minecraft:wooden_pickaxe":2,"minecraft:iron_helmet":1,"minecraft:iron_sword":1,"minecraft:smithing_table":1,"minecraft:bucket":2,"minecraft:stone_axe":2,"minecraft:bread":9,"minecraft:diamond_helmet":1,"minecraft:diamond_pickaxe":1,"minecraft:shield":1,"minecraft:iron_axe":1,"minecraft:stick":28,"minecraft:iron_pickaxe":1,"minecraft:stone_pickaxe":1,"minecraft:stone_sword":2,"minecraft:diamond_boots":1,"minecraft:shears":2,"minecraft:wheat":27},"minecraft:picked_up":{"minecraft:crafting_table":15,"minecraft:golden_carrot":93,"minecraft:leather_leggings":1,"minecraft:smithing_table":1,"minecraft:wooden_pickaxe":2,"minecraft:enchanted_book":8,"minecraft:oak_log":15,"minecraft:string":11,"minecraft:dirt":19,"minecraft:netherite_ingot":1,"minecraft:bone":2,"minecraft:apple":1,"minecraft:diamond_leggings":2,"minecraft:wheat_seeds":3,"minecraft:iron_ingot":51,"minecraft:cobweb":64,"minecraft:poppy":2,"minecraft:diamond_helmet":2,"minecraft:chest":15,"minecraft:iron_sword":1,"minecraft:iron_boots":3,"minecraft:composter":2,"minecraft:oak_fence":1,"minecraft:carrot":114,"minecraft:spider_eye":1,"minecraft:leather_helmet":1,"minecraft:diamond_chestplate":1,"minecraft:arrow":2,"minecraft:rotten_flesh":3,"minecraft:diamond":38,"minecraft:shears":1,"minecraft:iron_helmet":2,"minecraft:hay_block":3,"minecraft:grass":2,"minecraft:golden_apple":24,"minecraft:gold_ingot":40,"minecraft:oak_leaves":88,"minecraft:blaze_rod":9,"minecraft:mutton":2,"minecraft:coal":2,"minecraft:white_wool":2,"minecraft:cobblestone":27,"minecraft:ender_pearl":4},"minecraft:killed_by":{"minecraft:cave_spider":1},"minecraft:dropped":{"minecraft:enchanted_book":3,"minecraft:iron_ingot":1,"minecraft:iron_sword":2,"minecraft:stone_axe":1,"minecraft:wheat_seeds":2,"minecraft:stone_sword":1,"minecraft:diamond_leggings":2,"minecraft:composter":1,"minecraft:oak_fence":1,"minecraft:iron_helmet":3,"minecraft:rotten_flesh":3,"minecraft:oak_planks":1,"minecraft:iron_boots":4,"minecraft:shears":2,"minecraft:leather_helmet":1,"minecraft:poppy":2,"minecraft:grass":2,"minecraft:diamond_helmet":2,"minecraft:spider_eye":1,"minecraft:leather_leggings":1,"minecraft:iron_axe":1,"minecraft:arrow":2,"minecraft:stone_pickaxe":1,"minecraft:wooden_pickaxe":3,"minecraft:iron_pickaxe":1,"minecraft:string":11,"minecraft:bone":2}},"DataVersion":3465}