{"stats":{"minecraft:killed":{"minecraft:cave_spider":1,"minecraft:iron_golem":1,"minecraft:sheep":2,"minecraft:skeleton":2,"minecraft:zombie":2},"minecraft:custom":{"minecraft:interact_with_smithing_table":2,"minecraft:mob_kills":8,"minecraft:interact_with_crafting_table":16,"minecraft:leave_game":1,"minecraft:time_since_death":12358,"minecraft:climb_one_cm":2732,"minecraft:time_since_rest":12384,"minecraft:sprint_one_cm":112425,"minecraft:damage_absorbed":321,"minecraft:damage_taken":2443,"minecraft:walk_one_cm":48073,"minecraft:damage_blocked_by_shield":990,"minecraft:drop":35,"minecraft:damage_dealt":2885,"minecraft:swim_one_cm":53380,"minecraft:player_kills":5,"minecraft:fly_one_cm":259287,"minecraft:open_chest":5,"minecraft:crouch_one_cm":4237,"minecraft:play_time":33234,"minecraft:deaths":3,"minecraft:sneak_time":2541,"minecraft:walk_under_water_one_cm":6053,"minecraft:jump":976,"minecraft:walk_on_water_one_cm":8855,"minecraft:total_world_time":33234,"minecraft:fall_one_cm":21473},"minecraft:used":{"minecraft:water_bucket":25,"minecraft:stone_pickaxe":1,"minecraft:oak_planks":3,"minecraft:ender_pearl":8,"minecraft:wooden_pickaxe":24,"minecraft:shield":16,"minecraft:iron_sword":11,"minecraft:diamond_axe":13,"minecraft:composter":1,"minecraft:golden_apple":10,"minecraft:dirt":19,"minecraft:crafting_table":13,"minecraft:carrot":4,"minecraft:wooden_axe":18,"minecraft:diamond_pickaxe":5,"minecraft:iron_axe":18,"minecraft:bread":2,"minecraft:iron_helmet":1,"minecraft:stone_axe":23,"minecraft:diamond_chestplate":2,"minecraft:diamond_sword":11,"minecraft:cobblestone":9,"minecraft:golden_carrot":6,"minecraft:smithing_table":1,"minecraft:bucket":26,"minecraft:diamond_leggings":3},"minecraft:mined":{"minecraft:smithing_table":1,"minecraft:crafting_table":15,"minecraft:oak_fence":1,"minecraft:grass_block":2,"minecraft:chest":15,"minecraft:cobblestone":2,"minecraft:tall_grass":2,"minecraft:composter":1,"minecraft:spawner":1,"minecraft:hay_block":3,"minecraft:carrots":2,"minecraft:grass":7,"minecraft:oak_log":16,"minecraft:coal_ore":2,"minecraft:dirt":18,"minecraft:cobweb":8,"minecraft:stone":24},"minecraft:crafted":{"minecraft:oak_planks":48,"minecraft:cobblestone_slab":6,"minecraft:diamond_sword":1,"minecraft:diamond_axe":1,"minecraft:crafting_table":3,"minecraft:wooden_pickaxe":2,"minecraft:iron_helmet":1,"minecraft:iron_sword":1,"minecraft:smithing_table":1,"minecraft:bucket":2,"minecraft:stone_axe":2,"minecraft:bread":9,"minecraft:diamond_helmet":1,"minecraft:diamond_pickaxe":1,"minecraft:shield":1,"minecraft:iron_axe":1,"minecraft:stick":28,"minecraft:iron_pickaxe":1,"minecraft:stone_pickaxe":1,"minecraft:stone_sword":2,"minecraft:diamond_boots":1,"minecraft:wheat":27},"minecraft:picked_up":{"minecraft:crafting_table":15,"minecraft:golden_carrot":93,"minecraft:leather_leggings":1,"minecraft:smithing_table":1,"minecraft:wooden_pickaxe":2,"minecraft:enchanted_book":6,"minecraft:oak_log":15,"minecraft:string":11,"minecraft:dirt":19,"minecraft:netherite_ingot":1,"minecraft:bone":2,"minecraft:apple":1,"minecraft:diamond_leggings":2,"minecraft:wheat_seeds":3,"minecraft:iron_ingot":51,"minecraft:poppy":2,"minecraft:diamond_helmet":2,"minecraft:chest":15,"minecraft:iron_boots":3,"minecraft:composter":2,"minecraft:oak_fence":1,"minecraft:carrot":114,"minecraft:spider_eye":1,"minecraft:leather_helmet":1,"minecraft:diamond_chestplate":1,"minecraft:arrow":2,"minecraft:rotten_flesh":2,"minecraft:diamond":38,"minecraft:iron_helmet":2,"minecraft:hay_block":3,"minecraft:golden_apple":24,"minecraft:gold_ingot":40,"minecraft:blaze_rod":9,"minecraft:mutton":2,"minecraft:coal":2,"minecraft:white_wool":2,"minecraft:cobblestone":27,"minecraft:ender_pearl":4},"minecraft:killed_by":{"minecraft:cave_spider":1},"minecraft:dropped":{"minecraft:enchanted_book":2,"minecraft:iron_sword":1,"minecraft:stone_axe":1,"minecraft:wheat_seeds":2,"minecraft:stone_sword":1,"minecraft:diamond_leggings":1,"minecraft:composter":1,"minecraft:oak_fence":1,"minecraft:iron_helmet":3,"minecraft:rotten_flesh":2,"minecraft:iron_boots":3,"minecraft:poppy":2,"minecraft:diamond_helmet":1,"minecraft:spider_eye":1,"minecraft:leather_leggings":1,"minecraft:iron_axe":1,"minecraft:arrow":2,"minecraft:stone_pickaxe":1,"minecraft:wooden_pickaxe":3,"minecraft:iron_pickaxe":1,"minecraft:string":11,"minecraft:bone":2}},"DataVersion":3465}