{"stats":{"minecraft:killed":{"minecraft:cave_spider":1,"minecraft:iron_golem":1,"minecraft:sheep":2,"minecraft:zombie":2},"minecraft:custom":{"minecraft:mob_kills":6,"minecraft:interact_with_crafting_table":12,"minecraft:leave_game":1,"minecraft:time_since_death":358,"minecraft:time_since_rest":384,"minecraft:sprint_one_cm":65472,"minecraft:damage_taken":1430,"minecraft:walk_one_cm":36141,"minecraft:damage_blocked_by_shield":135,"minecraft:drop":12,"minecraft:damage_dealt":2510,"minecraft:swim_one_cm":20995,"minecraft:player_kills":5,"minecraft:fly_one_cm":176787,"minecraft:open_chest":4,"minecraft:crouch_one_cm":4052,"minecraft:play_time":21234,"minecraft:deaths":3,"minecraft:sneak_time":2380,"minecraft:walk_under_water_one_cm":2753,"minecraft:jump":565,"minecraft:walk_on_water_one_cm":5012,"minecraft:total_world_time":21234,"minecraft:fall_one_cm":9557},"minecraft:used":{"minecraft:stone_pickaxe":1,"minecraft:oak_planks":3,"minecraft:ender_pearl":3,"minecraft:wooden_pickaxe":24,"minecraft:shield":6,"minecraft:iron_sword":10,"minecraft:composter":1,"minecraft:dirt":19,"minecraft:crafting_table":9,"minecraft:carrot":4,"minecraft:wooden_axe":18,"minecraft:iron_axe":17,"minecraft:bread":2,"minecraft:iron_helmet":1,"minecraft:stone_axe":23,"minecraft:diamond_chestplate":1,"minecraft:golden_carrot":4,"minecraft:diamond_leggings":1},"minecraft:mined":{"minecraft:crafting_table":13,"minecraft:oak_fence":1,"minecraft:grass_block":1,"minecraft:chest":5,"minecraft:tall_grass":2,"minecraft:composter":1,"minecraft:hay_block":3,"minecraft:carrots":2,"minecraft:grass":7,"minecraft:oak_log":16,"minecraft:coal_ore":2,"minecraft:dirt":18,"minecraft:cobweb":1,"minecraft:stone":22},"minecraft:crafted":{"minecraft:oak_planks":48,"minecraft:cobblestone_slab":6,"minecraft:crafting_table":3,"minecraft:wooden_pickaxe":2,"minecraft:iron_helmet":1,"minecraft:iron_sword":1,"minecraft:stone_axe":2,"minecraft:bread":9,"minecraft:diamond_helmet":1,"minecraft:shield":1,"minecraft:iron_axe":1,"minecraft:stick":24,"minecraft:iron_pickaxe":1,"minecraft:stone_pickaxe":1,"minecraft:stone_sword":2,"minecraft:wheat":27},"minecraft:picked_up":{"minecraft:crafting_table":13,"minecraft:golden_carrot":32,"minecraft:leather_leggings":1,"minecraft:wooden_pickaxe":2,"minecraft:enchanted_book":2,"minecraft:oak_log":15,"minecraft:string":1,"minecraft:dirt":19,"minecraft:netherite_ingot":1,"minecraft:apple":1,"minecraft:wheat_seeds":2,"minecraft:iron_ingot":15,"minecraft:poppy":2,"minecraft:chest":5,"minecraft:iron_boots":1,"minecraft:composter":2,"minecraft:oak_fence":1,"minecraft:carrot":26,"minecraft:leather_helmet":1,"minecraft:rotten_flesh":2,"minecraft:diamond":24,"minecraft:iron_helmet":1,"minecraft:hay_block":3,"minecraft:golden_apple":16,"minecraft:gold_ingot":15,"minecraft:blaze_rod":8,"minecraft:mutton":2,"minecraft:coal":2,"minecraft:white_wool":2,"minecraft:cobblestone":23},"minecraft:killed_by":{"minecraft:cave_spider":1},"minecraft:dropped":{"minecraft:stone_axe":1,"minecraft:wheat_seeds":1,"minecraft:stone_sword":1,"minecraft:composter":1,"minecraft:oak_fence":1,"minecraft:iron_helmet":1,"minecraft:poppy":2,"minecraft:stone_pickaxe":1,"minecraft:wooden_pickaxe":3}},"DataVersion":3465}