{"stats":{"minecraft:custom":{"minecraft:jump":59,"minecraft:time_since_rest":6172,"minecraft:damage_dealt":10,"minecraft:crouch_one_cm":79,"minecraft:damage_taken":270,"minecraft:leave_game":3,"minecraft:time_since_death":6140,"minecraft:play_time":12920,"minecraft:sprint_one_cm":2540,"minecraft:walk_one_cm":16336,"minecraft:walk_on_water_one_cm":46,"minecraft:deaths":5,"minecraft:sneak_time":18,"minecraft:total_world_time":12920,"minecraft:climb_one_cm":0,"minecraft:walk_under_water_one_cm":583,"minecraft:fall_one_cm":4954,"minecraft:fly_one_cm":9172}},"DataVersion":3465}