{"stats":{"minecraft:custom":{"minecraft:jump":59,"minecraft:time_since_rest":9344,"minecraft:damage_dealt":10,"minecraft:damage_taken":270,"minecraft:leave_game":5,"minecraft:crouch_one_cm":79,"minecraft:play_time":16092,"minecraft:time_since_death":9312,"minecraft:sprint_one_cm":3622,"minecraft:walk_one_cm":17734,"minecraft:walk_on_water_one_cm":46,"minecraft:deaths":5,"minecraft:sneak_time":18,"minecraft:total_world_time":16092,"minecraft:climb_one_cm":0,"minecraft:walk_under_water_one_cm":583,"minecraft:fall_one_cm":4954,"minecraft:fly_one_cm":9172}},"DataVersion":3465}