{"stats":{"minecraft:killed":{"minecraft:sheep":3},"minecraft:picked_up":{"minecraft:mutton":3,"minecraft:white_wool":2},"minecraft:mined":{"minecraft:grass":2,"minecraft:oak_leaves":2},"minecraft:custom":{"minecraft:jump":76,"minecraft:time_since_rest":5902,"minecraft:damage_dealt":240,"minecraft:sprint_one_cm":4838,"minecraft:leave_game":1,"minecraft:play_time":5902,"minecraft:damage_taken":130,"minecraft:time_since_death":5902,"minecraft:walk_one_cm":3376,"minecraft:total_world_time":5902,"minecraft:mob_kills":3,"minecraft:fall_one_cm":5557,"minecraft:fly_one_cm":13101}},"DataVersion":3120}