{"stats":{"minecraft:mined":{"minecraft:sand":8},"minecraft:killed_by":{"creeperoverhaul:dark_oak_creeper":1,"minecraft:zombie":2,"minecraft:player":5},"minecraft:custom":{"minecraft:time_since_rest":46697,"minecraft:damage_absorbed":320,"minecraft:crouch_one_cm":321,"minecraft:sprint_one_cm":21895,"minecraft:play_time":155896,"minecraft:damage_taken":3607,"minecraft:deaths":12,"minecraft:walk_one_cm":28597,"minecraft:sneak_time":235,"minecraft:walk_under_water_one_cm":474,"minecraft:mob_kills":2,"minecraft:jump":377,"minecraft:damage_dealt":1096,"minecraft:leave_game":5,"minecraft:time_since_death":46674,"minecraft:walk_on_water_one_cm":1230,"minecraft:climb_one_cm":2600,"minecraft:total_world_time":155896,"minecraft:fall_one_cm":10320,"minecraft:fly_one_cm":37477,"minecraft:player_kills":2},"minecraft:used":{"minecraft:sand":2,"minecraft:sandstone":17,"minecraft:totem_of_undying":5},"minecraft:picked_up":{"minecraft:sandstone":17,"minecraft:sand":17,"minecraft:totem_of_undying":5},"minecraft:killed":{"creeperoverhaul:snowy_creeper":1,"creeperoverhaul:savannah_creeper":1}},"DataVersion":3465}