{"stats":{"minecraft:mined":{"minecraft:grass":4,"minecraft:grass_block":1},"minecraft:dropped":{"minecraft:bread":32},"minecraft:custom":{"minecraft:jump":80,"minecraft:damage_dealt":10,"minecraft:time_since_rest":4604,"minecraft:damage_taken":10865,"minecraft:leave_game":8,"minecraft:play_time":139891,"minecraft:sprint_one_cm":3603,"minecraft:time_since_death":3911,"minecraft:walk_one_cm":10783,"minecraft:deaths":14,"minecraft:sneak_time":53,"minecraft:total_world_time":139891,"minecraft:fall_one_cm":3063,"minecraft:drop":1,"minecraft:fly_one_cm":59215},"minecraft:killed_by":{"minecraft:player":2}},"DataVersion":3465}