{"stats":{"minecraft:mined":{"minecraft:sand":8},"minecraft:killed_by":{"creeperoverhaul:dark_oak_creeper":1,"minecraft:zombie":2,"minecraft:player":5},"minecraft:custom":{"minecraft:time_since_rest":1106,"minecraft:damage_absorbed":320,"minecraft:crouch_one_cm":321,"minecraft:sprint_one_cm":21228,"minecraft:play_time":110305,"minecraft:damage_taken":3152,"minecraft:deaths":12,"minecraft:walk_one_cm":24826,"minecraft:sneak_time":235,"minecraft:walk_under_water_one_cm":474,"minecraft:mob_kills":2,"minecraft:jump":336,"minecraft:damage_dealt":975,"minecraft:leave_game":4,"minecraft:time_since_death":1083,"minecraft:walk_on_water_one_cm":1230,"minecraft:climb_one_cm":2600,"minecraft:total_world_time":110305,"minecraft:fall_one_cm":9693,"minecraft:fly_one_cm":34125,"minecraft:player_kills":2},"minecraft:used":{"minecraft:sand":2,"minecraft:sandstone":17,"minecraft:totem_of_undying":5},"minecraft:picked_up":{"minecraft:sandstone":17,"minecraft:sand":17,"minecraft:totem_of_undying":5},"minecraft:killed":{"creeperoverhaul:snowy_creeper":1,"creeperoverhaul:savannah_creeper":1}},"DataVersion":3465}