{"stats":{"minecraft:custom":{"minecraft:jump":65,"minecraft:time_since_rest":19942,"minecraft:damage_dealt":10,"minecraft:damage_taken":6390,"minecraft:leave_game":6,"minecraft:play_time":91203,"minecraft:sprint_one_cm":3126,"minecraft:time_since_death":19906,"minecraft:walk_one_cm":8905,"minecraft:deaths":9,"minecraft:sneak_time":43,"minecraft:total_world_time":91203,"minecraft:drop":1,"minecraft:fall_one_cm":1590,"minecraft:fly_one_cm":57281},"minecraft:killed_by":{"minecraft:player":2},"minecraft:mined":{"minecraft:grass":1,"minecraft:grass_block":1},"minecraft:dropped":{"minecraft:bread":32}},"DataVersion":3465}