{"stats":{"minecraft:mined":{"minecraft:sand":8},"minecraft:killed_by":{"creeperoverhaul:dark_oak_creeper":1,"minecraft:zombie":1,"minecraft:player":4},"minecraft:custom":{"minecraft:time_since_rest":5776,"minecraft:damage_absorbed":320,"minecraft:crouch_one_cm":242,"minecraft:sprint_one_cm":5031,"minecraft:play_time":62305,"minecraft:damage_taken":2427,"minecraft:deaths":9,"minecraft:walk_one_cm":18083,"minecraft:sneak_time":150,"minecraft:walk_under_water_one_cm":474,"minecraft:mob_kills":2,"minecraft:jump":203,"minecraft:damage_dealt":850,"minecraft:leave_game":4,"minecraft:time_since_death":5031,"minecraft:walk_on_water_one_cm":1230,"minecraft:total_world_time":62305,"minecraft:fall_one_cm":6008,"minecraft:fly_one_cm":16474,"minecraft:player_kills":2},"minecraft:used":{"minecraft:sand":2,"minecraft:sandstone":17,"minecraft:totem_of_undying":5},"minecraft:picked_up":{"minecraft:sandstone":17,"minecraft:sand":17,"minecraft:totem_of_undying":5},"minecraft:killed":{"creeperoverhaul:snowy_creeper":1,"creeperoverhaul:savannah_creeper":1}},"DataVersion":3465}