{"stats":{"minecraft:killed_by":{"minecraft:player":2},"minecraft:custom":{"minecraft:jump":74,"minecraft:time_since_rest":2049,"minecraft:sprint_one_cm":45,"minecraft:damage_dealt":470,"minecraft:deaths":2,"minecraft:walk_on_water_one_cm":1230,"minecraft:play_time":5378,"minecraft:damage_taken":505,"minecraft:time_since_death":1945,"minecraft:walk_one_cm":2875,"minecraft:total_world_time":5378,"minecraft:walk_under_water_one_cm":474,"minecraft:fall_one_cm":1352,"minecraft:fly_one_cm":805,"minecraft:player_kills":2}},"DataVersion":3465}