{"stats":{"minecraft:killed_by":{"minecraft:zombie":1,"minecraft:player":3},"minecraft:custom":{"minecraft:jump":85,"minecraft:time_since_rest":161,"minecraft:sprint_one_cm":45,"minecraft:damage_dealt":470,"minecraft:deaths":5,"minecraft:walk_on_water_one_cm":1230,"minecraft:play_time":17378,"minecraft:damage_taken":1020,"minecraft:time_since_death":0,"minecraft:walk_one_cm":4257,"minecraft:total_world_time":17378,"minecraft:walk_under_water_one_cm":474,"minecraft:fall_one_cm":2677,"minecraft:fly_one_cm":1049,"minecraft:player_kills":2}},"DataVersion":3465}