{"stats":{"minecraft:mined":{"minecraft:grass":6,"minecraft:grass_block":1},"minecraft:dropped":{"minecraft:bread":32},"minecraft:custom":{"minecraft:jump":97,"minecraft:damage_dealt":10,"minecraft:time_since_rest":1480,"minecraft:damage_taken":13248,"minecraft:leave_game":8,"minecraft:play_time":151808,"minecraft:sprint_one_cm":3686,"minecraft:time_since_death":0,"minecraft:walk_one_cm":11943,"minecraft:deaths":17,"minecraft:sneak_time":53,"minecraft:total_world_time":151808,"minecraft:fall_one_cm":3063,"minecraft:drop":1,"minecraft:fly_one_cm":59707},"minecraft:killed_by":{"minecraft:player":3}},"DataVersion":3465}