{"stats":{"minecraft:mined":{"minecraft:grass":6,"minecraft:grass_block":1},"minecraft:dropped":{"minecraft:bread":32},"minecraft:custom":{"minecraft:jump":100,"minecraft:damage_dealt":10,"minecraft:time_since_rest":5126,"minecraft:damage_taken":13318,"minecraft:leave_game":9,"minecraft:play_time":155454,"minecraft:sprint_one_cm":4937,"minecraft:time_since_death":885,"minecraft:walk_one_cm":12332,"minecraft:deaths":17,"minecraft:sneak_time":53,"minecraft:total_world_time":155454,"minecraft:fall_one_cm":4030,"minecraft:drop":1,"minecraft:fly_one_cm":60676},"minecraft:killed_by":{"minecraft:player":3}},"DataVersion":3465}