{"stats":{"minecraft:mined":{"minecraft:sand":8},"minecraft:killed_by":{"minecraft:zombie":1,"minecraft:player":3},"minecraft:custom":{"minecraft:time_since_rest":1064,"minecraft:deaths":6,"minecraft:sprint_one_cm":1803,"minecraft:play_time":28732,"minecraft:walk_one_cm":11548,"minecraft:damage_taken":2010,"minecraft:damage_absorbed":320,"minecraft:walk_under_water_one_cm":474,"minecraft:mob_kills":1,"minecraft:jump":122,"minecraft:damage_dealt":670,"minecraft:leave_game":1,"minecraft:walk_on_water_one_cm":1230,"minecraft:time_since_death":1040,"minecraft:total_world_time":28732,"minecraft:fall_one_cm":3611,"minecraft:fly_one_cm":5478,"minecraft:player_kills":2},"minecraft:used":{"minecraft:sand":2,"minecraft:totem_of_undying":5},"minecraft:picked_up":{"minecraft:sand":4,"minecraft:totem_of_undying":5},"minecraft:killed":{"creeperoverhaul:snowy_creeper":1}},"DataVersion":3465}