{"stats":{"minecraft:mined":{"minecraft:grass":4,"minecraft:grass_block":1},"minecraft:dropped":{"minecraft:bread":32},"minecraft:custom":{"minecraft:jump":78,"minecraft:damage_dealt":10,"minecraft:time_since_rest":10908,"minecraft:damage_taken":8510,"minecraft:leave_game":6,"minecraft:play_time":112251,"minecraft:sprint_one_cm":3603,"minecraft:time_since_death":10696,"minecraft:walk_one_cm":9100,"minecraft:deaths":11,"minecraft:sneak_time":43,"minecraft:total_world_time":112251,"minecraft:fall_one_cm":1799,"minecraft:drop":1,"minecraft:fly_one_cm":59116},"minecraft:killed_by":{"minecraft:player":2}},"DataVersion":3465}