{"stats":{"minecraft:mined":{"minecraft:grass":4,"minecraft:grass_block":1},"minecraft:dropped":{"minecraft:bread":32},"minecraft:custom":{"minecraft:jump":78,"minecraft:damage_dealt":10,"minecraft:time_since_rest":2673,"minecraft:damage_taken":7940,"minecraft:leave_game":6,"minecraft:play_time":94268,"minecraft:sprint_one_cm":3603,"minecraft:time_since_death":2501,"minecraft:walk_one_cm":9100,"minecraft:deaths":10,"minecraft:sneak_time":43,"minecraft:total_world_time":94268,"minecraft:fall_one_cm":1799,"minecraft:drop":1,"minecraft:fly_one_cm":58976},"minecraft:killed_by":{"minecraft:player":2}},"DataVersion":3465}