{"stats":{"minecraft:mined":{"minecraft:sand":8},"minecraft:killed_by":{"creeperoverhaul:dark_oak_creeper":1,"minecraft:zombie":1,"minecraft:player":3},"minecraft:custom":{"minecraft:time_since_rest":11834,"minecraft:deaths":7,"minecraft:sprint_one_cm":3769,"minecraft:play_time":40732,"minecraft:walk_one_cm":15270,"minecraft:damage_taken":2342,"minecraft:damage_absorbed":320,"minecraft:walk_under_water_one_cm":474,"minecraft:mob_kills":2,"minecraft:jump":182,"minecraft:damage_dealt":850,"minecraft:leave_game":1,"minecraft:walk_on_water_one_cm":1230,"minecraft:time_since_death":11788,"minecraft:total_world_time":40732,"minecraft:fall_one_cm":5590,"minecraft:fly_one_cm":10311,"minecraft:player_kills":2},"minecraft:used":{"minecraft:sand":2,"minecraft:sandstone":17,"minecraft:totem_of_undying":5},"minecraft:picked_up":{"minecraft:sandstone":17,"minecraft:sand":17,"minecraft:totem_of_undying":5},"minecraft:killed":{"creeperoverhaul:snowy_creeper":1,"creeperoverhaul:savannah_creeper":1}},"DataVersion":3465}