{"stats":{"minecraft:custom":{"minecraft:interact_with_crafting_table":12,"minecraft:leave_game":4,"minecraft:time_since_death":11994,"minecraft:climb_one_cm":608,"minecraft:time_since_rest":12027,"minecraft:sprint_one_cm":75945,"minecraft:damage_absorbed":63,"minecraft:damage_taken":4741,"minecraft:walk_one_cm":45341,"minecraft:drop":17,"minecraft:damage_dealt":1199,"minecraft:swim_one_cm":128646,"minecraft:fly_one_cm":264907,"minecraft:player_kills":2,"minecraft:open_chest":2,"minecraft:crouch_one_cm":119,"minecraft:play_time":43758,"minecraft:deaths":11,"minecraft:sneak_time":474,"minecraft:walk_under_water_one_cm":13615,"minecraft:boat_one_cm":158424,"minecraft:jump":751,"minecraft:walk_on_water_one_cm":17521,"minecraft:total_world_time":43758,"minecraft:fall_one_cm":18058},"minecraft:used":{"minecraft:stone_sword":3,"minecraft:oak_planks":7,"minecraft:ender_pearl":5,"minecraft:wooden_pickaxe":12,"minecraft:diamond_axe":4,"minecraft:golden_apple":3,"minecraft:dirt":2,"minecraft:crafting_table":8,"minecraft:wooden_axe":35,"minecraft:bread":9,"minecraft:stone_axe":11,"minecraft:golden_carrot":3,"minecraft:oak_boat":2},"minecraft:mined":{"minecraft:crafting_table":5,"minecraft:chest":12,"minecraft:tall_grass":3,"minecraft:cobblestone":12,"minecraft:hay_block":19,"minecraft:wheat":2,"minecraft:grass":16,"minecraft:oak_log":17,"minecraft:dirt":2},"minecraft:crafted":{"minecraft:oak_planks":64,"minecraft:diamond_sword":1,"minecraft:diamond_axe":1,"minecraft:crafting_table":5,"minecraft:wooden_pickaxe":2,"minecraft:bread":45,"minecraft:oak_boat":1,"minecraft:diamond_leggings":1,"minecraft:diamond_pickaxe":1,"minecraft:stick":20,"minecraft:wooden_axe":3,"minecraft:diamond_boots":1,"minecraft:wheat":135},"minecraft:picked_up":{"minecraft:crafting_table":5,"minecraft:iron_chestplate":1,"minecraft:golden_carrot":80,"minecraft:leather_leggings":1,"minecraft:wooden_pickaxe":1,"minecraft:enchanted_book":8,"minecraft:oak_log":17,"minecraft:dirt":2,"minecraft:netherite_ingot":1,"minecraft:bone":2,"minecraft:wheat_seeds":1,"minecraft:diamond_leggings":2,"minecraft:stone_pickaxe":1,"minecraft:iron_ingot":34,"minecraft:oak_boat":1,"minecraft:poppy":2,"minecraft:diamond_helmet":1,"minecraft:chest":12,"minecraft:iron_boots":2,"minecraft:composter":1,"minecraft:torch":1,"minecraft:carrot":88,"minecraft:leather_helmet":1,"minecraft:stone_sword":1,"minecraft:rotten_flesh":2,"minecraft:diamond_chestplate":1,"minecraft:diamond":36,"minecraft:stone_axe":1,"minecraft:hay_block":19,"minecraft:golden_apple":16,"minecraft:gold_ingot":25,"minecraft:blaze_rod":15,"minecraft:cobblestone":12,"minecraft:ender_pearl":7},"minecraft:killed_by":{"minecraft:player":1,"minecraft:stray":1,"minecraft:iron_golem":7},"minecraft:dropped":{"minecraft:stone_axe":1,"minecraft:wheat_seeds":1,"minecraft:stone_sword":1,"minecraft:composter":1,"minecraft:rotten_flesh":2,"minecraft:iron_boots":2,"minecraft:leather_helmet":1,"minecraft:poppy":2,"minecraft:iron_chestplate":1,"minecraft:chest":9,"minecraft:leather_leggings":1,"minecraft:wooden_pickaxe":2,"minecraft:stone_pickaxe":1,"minecraft:bone":2},"minecraft:broken":{"minecraft:wooden_axe":1}},"DataVersion":3465}