{"stats":{"minecraft:custom":{"minecraft:time_since_rest":327,"minecraft:sprint_one_cm":62790,"minecraft:damage_taken":3760,"minecraft:walk_one_cm":41189,"minecraft:drop":5,"minecraft:damage_dealt":1189,"minecraft:swim_one_cm":69692,"minecraft:interact_with_crafting_table":8,"minecraft:fly_one_cm":245597,"minecraft:player_kills":2,"minecraft:open_chest":2,"minecraft:crouch_one_cm":119,"minecraft:play_time":32058,"minecraft:deaths":11,"minecraft:sneak_time":388,"minecraft:walk_under_water_one_cm":8598,"minecraft:boat_one_cm":43895,"minecraft:jump":641,"minecraft:leave_game":3,"minecraft:walk_on_water_one_cm":13368,"minecraft:time_since_death":294,"minecraft:climb_one_cm":608,"minecraft:total_world_time":32058,"minecraft:fall_one_cm":13708},"minecraft:used":{"minecraft:wooden_axe":35,"minecraft:stone_sword":3,"minecraft:bread":5,"minecraft:oak_planks":3,"minecraft:wooden_pickaxe":12,"minecraft:stone_axe":2,"minecraft:dirt":2,"minecraft:crafting_table":7,"minecraft:oak_boat":1},"minecraft:mined":{"minecraft:hay_block":19,"minecraft:wheat":2,"minecraft:crafting_table":4,"minecraft:grass":16,"minecraft:oak_log":17,"minecraft:dirt":2,"minecraft:tall_grass":3,"minecraft:cobblestone":12},"minecraft:crafted":{"minecraft:oak_boat":1,"minecraft:oak_planks":64,"minecraft:crafting_table":5,"minecraft:stick":12,"minecraft:wooden_pickaxe":2,"minecraft:wooden_axe":3,"minecraft:bread":45,"minecraft:wheat":135},"minecraft:picked_up":{"minecraft:crafting_table":4,"minecraft:composter":1,"minecraft:torch":1,"minecraft:wooden_pickaxe":1,"minecraft:oak_log":17,"minecraft:dirt":2,"minecraft:stone_sword":1,"minecraft:rotten_flesh":2,"minecraft:stone_axe":1,"minecraft:wheat_seeds":1,"minecraft:hay_block":19,"minecraft:stone_pickaxe":1,"minecraft:poppy":2,"minecraft:cobblestone":12},"minecraft:killed_by":{"minecraft:iron_golem":7,"minecraft:player":1,"minecraft:stray":1},"minecraft:dropped":{"minecraft:poppy":2,"minecraft:composter":1,"minecraft:rotten_flesh":2,"minecraft:wooden_pickaxe":2},"minecraft:broken":{"minecraft:wooden_axe":1}},"DataVersion":3465}