{"stats":{"minecraft:custom":{"minecraft:damage_taken":3200,"minecraft:time_since_rest":2586,"minecraft:crouch_one_cm":119,"minecraft:play_time":21658,"minecraft:sprint_one_cm":48011,"minecraft:walk_one_cm":31168,"minecraft:deaths":9,"minecraft:sneak_time":365,"minecraft:walk_under_water_one_cm":2554,"minecraft:drop":2,"minecraft:jump":441,"minecraft:damage_dealt":724,"minecraft:leave_game":3,"minecraft:time_since_death":2451,"minecraft:walk_on_water_one_cm":7906,"minecraft:total_world_time":21658,"minecraft:climb_one_cm":608,"minecraft:swim_one_cm":29679,"minecraft:interact_with_crafting_table":3,"minecraft:fall_one_cm":10208,"minecraft:fly_one_cm":191099,"minecraft:player_kills":2},"minecraft:used":{"minecraft:crafting_table":2,"minecraft:wooden_pickaxe":6,"minecraft:wooden_axe":8},"minecraft:mined":{"minecraft:hay_block":4,"minecraft:grass":13,"minecraft:oak_log":7,"minecraft:tall_grass":3,"minecraft:wheat":2,"minecraft:cobblestone":6,"minecraft:crafting_table":1},"minecraft:crafted":{"minecraft:oak_planks":24,"minecraft:crafting_table":2,"minecraft:stick":8,"minecraft:wooden_pickaxe":1,"minecraft:wooden_axe":2},"minecraft:picked_up":{"minecraft:crafting_table":1,"minecraft:rotten_flesh":2,"minecraft:torch":1,"minecraft:hay_block":4,"minecraft:oak_log":7,"minecraft:poppy":2,"minecraft:cobblestone":6},"minecraft:killed_by":{"minecraft:iron_golem":7,"minecraft:player":1},"minecraft:dropped":{"minecraft:rotten_flesh":2,"minecraft:poppy":2}},"DataVersion":3465}