{"stats":{"minecraft:killed":{"minecraft:skeleton":1},"minecraft:custom":{"minecraft:interact_with_smithing_table":4,"minecraft:mob_kills":1,"minecraft:interact_with_crafting_table":16,"minecraft:leave_game":7,"minecraft:time_since_death":1667,"minecraft:climb_one_cm":608,"minecraft:time_since_rest":1738,"minecraft:sprint_one_cm":109556,"minecraft:damage_absorbed":481,"minecraft:damage_taken":7428,"minecraft:walk_one_cm":64080,"minecraft:drop":61,"minecraft:damage_dealt":1543,"minecraft:swim_one_cm":298998,"minecraft:player_kills":2,"minecraft:fly_one_cm":348735,"minecraft:open_chest":3,"minecraft:crouch_one_cm":129,"minecraft:play_time":72243,"minecraft:deaths":15,"minecraft:sneak_time":588,"minecraft:walk_under_water_one_cm":33860,"minecraft:boat_one_cm":210823,"minecraft:jump":1113,"minecraft:walk_on_water_one_cm":29634,"minecraft:total_world_time":72243,"minecraft:fall_one_cm":31203},"minecraft:used":{"minecraft:stone_sword":3,"minecraft:oak_planks":7,"minecraft:ender_pearl":15,"minecraft:wooden_pickaxe":12,"minecraft:diamond_axe":32,"minecraft:golden_apple":13,"minecraft:dirt":2,"minecraft:crafting_table":11,"minecraft:wooden_axe":35,"minecraft:bread":9,"minecraft:stone_axe":11,"minecraft:diamond_chestplate":1,"minecraft:diamond_sword":8,"minecraft:golden_carrot":7,"minecraft:smithing_table":3,"minecraft:oak_boat":4,"minecraft:experience_bottle":272},"minecraft:mined":{"minecraft:spruce_planks":6,"minecraft:crafting_table":7,"minecraft:chest":26,"minecraft:tall_grass":3,"minecraft:cobblestone":12,"minecraft:hay_block":19,"minecraft:seagrass":1,"minecraft:wheat":2,"minecraft:grass":16,"minecraft:oak_log":22,"minecraft:dirt":2,"minecraft:cobweb":5},"minecraft:crafted":{"minecraft:oak_planks":84,"minecraft:diamond_sword":1,"minecraft:diamond_axe":1,"minecraft:crafting_table":6,"minecraft:wooden_pickaxe":2,"minecraft:bread":45,"minecraft:air":0,"minecraft:oak_boat":3,"minecraft:diamond_leggings":1,"minecraft:diamond_pickaxe":1,"minecraft:shield":1,"minecraft:stick":20,"minecraft:wooden_axe":3,"minecraft:diamond_boots":1,"minecraft:wheat":135},"minecraft:picked_up":{"minecraft:iron_chestplate":3,"minecraft:crafting_table":7,"minecraft:golden_carrot":174,"minecraft:leather_leggings":4,"minecraft:smithing_table":3,"minecraft:wooden_pickaxe":1,"minecraft:enchanted_book":21,"minecraft:oak_log":22,"minecraft:dirt":2,"minecraft:string":5,"minecraft:netherite_ingot":1,"minecraft:bone":3,"minecraft:experience_bottle":129,"minecraft:kelp":1,"minecraft:wheat_seeds":1,"minecraft:diamond_leggings":3,"minecraft:spruce_planks":6,"minecraft:stone_pickaxe":1,"minecraft:iron_ingot":57,"minecraft:oak_boat":1,"minecraft:netherite_upgrade_smithing_template":3,"minecraft:poppy":2,"minecraft:diamond_helmet":3,"minecraft:chest":22,"minecraft:iron_boots":5,"minecraft:composter":1,"minecraft:torch":1,"minecraft:carrot":202,"minecraft:leather_helmet":3,"minecraft:stone_sword":1,"minecraft:rotten_flesh":2,"minecraft:diamond_chestplate":3,"minecraft:diamond":82,"minecraft:stone_axe":1,"minecraft:hay_block":19,"minecraft:golden_apple":40,"minecraft:gold_ingot":50,"minecraft:blaze_rod":28,"minecraft:cobblestone":12,"minecraft:ender_pearl":21},"minecraft:killed_by":{"creeperoverhaul:ocean_creeper":2,"minecraft:player":1,"minecraft:stray":1,"minecraft:guardian":1,"minecraft:iron_golem":7},"minecraft:dropped":{"minecraft:enchanted_book":4,"minecraft:stone_axe":1,"minecraft:kelp":1,"minecraft:wheat_seeds":1,"minecraft:stone_sword":1,"minecraft:blaze_rod":22,"minecraft:diamond_leggings":3,"minecraft:composter":1,"minecraft:experience_bottle":64,"minecraft:cobblestone":6,"minecraft:rotten_flesh":2,"minecraft:oak_planks":4,"minecraft:iron_boots":5,"minecraft:carrot":202,"minecraft:leather_helmet":3,"minecraft:poppy":2,"minecraft:diamond_chestplate":2,"minecraft:spruce_planks":3,"minecraft:iron_chestplate":3,"minecraft:chest":21,"minecraft:diamond_helmet":2,"minecraft:leather_leggings":4,"minecraft:wooden_pickaxe":2,"minecraft:stone_pickaxe":1,"minecraft:string":5,"minecraft:bone":3},"minecraft:broken":{"minecraft:wooden_axe":1}},"DataVersion":3465}