{"stats":{"minecraft:custom":{"minecraft:interact_with_crafting_table":13,"minecraft:leave_game":4,"minecraft:time_since_death":4583,"minecraft:climb_one_cm":608,"minecraft:time_since_rest":4698,"minecraft:sprint_one_cm":90957,"minecraft:damage_absorbed":241,"minecraft:damage_taken":5614,"minecraft:walk_one_cm":52835,"minecraft:drop":41,"minecraft:damage_dealt":1295,"minecraft:swim_one_cm":230276,"minecraft:fly_one_cm":301293,"minecraft:player_kills":2,"minecraft:open_chest":2,"minecraft:crouch_one_cm":129,"minecraft:play_time":55758,"minecraft:deaths":12,"minecraft:sneak_time":538,"minecraft:walk_under_water_one_cm":19691,"minecraft:boat_one_cm":158424,"minecraft:jump":917,"minecraft:walk_on_water_one_cm":21560,"minecraft:total_world_time":55758,"minecraft:fall_one_cm":23515},"minecraft:used":{"minecraft:stone_sword":3,"minecraft:oak_planks":7,"minecraft:ender_pearl":7,"minecraft:wooden_pickaxe":12,"minecraft:diamond_axe":26,"minecraft:golden_apple":7,"minecraft:dirt":2,"minecraft:crafting_table":9,"minecraft:wooden_axe":35,"minecraft:bread":9,"minecraft:stone_axe":11,"minecraft:diamond_chestplate":1,"minecraft:diamond_sword":3,"minecraft:golden_carrot":4,"minecraft:oak_boat":2,"minecraft:experience_bottle":272},"minecraft:mined":{"minecraft:spruce_planks":6,"minecraft:crafting_table":6,"minecraft:chest":21,"minecraft:tall_grass":3,"minecraft:cobblestone":12,"minecraft:seagrass":1,"minecraft:hay_block":19,"minecraft:wheat":2,"minecraft:grass":16,"minecraft:oak_log":17,"minecraft:dirt":2,"minecraft:cobweb":3},"minecraft:crafted":{"minecraft:oak_planks":64,"minecraft:diamond_sword":1,"minecraft:diamond_axe":1,"minecraft:crafting_table":5,"minecraft:wooden_pickaxe":2,"minecraft:bread":45,"minecraft:oak_boat":1,"minecraft:diamond_leggings":1,"minecraft:diamond_pickaxe":1,"minecraft:shield":1,"minecraft:stick":20,"minecraft:wooden_axe":3,"minecraft:diamond_boots":1,"minecraft:wheat":135},"minecraft:picked_up":{"minecraft:crafting_table":6,"minecraft:iron_chestplate":2,"minecraft:golden_carrot":128,"minecraft:leather_leggings":3,"minecraft:wooden_pickaxe":1,"minecraft:enchanted_book":14,"minecraft:oak_log":17,"minecraft:string":3,"minecraft:dirt":2,"minecraft:netherite_ingot":1,"minecraft:experience_bottle":129,"minecraft:bone":2,"minecraft:kelp":1,"minecraft:wheat_seeds":1,"minecraft:diamond_leggings":2,"minecraft:spruce_planks":6,"minecraft:stone_pickaxe":1,"minecraft:iron_ingot":52,"minecraft:oak_boat":1,"minecraft:poppy":2,"minecraft:diamond_helmet":2,"minecraft:chest":20,"minecraft:iron_boots":5,"minecraft:composter":1,"minecraft:torch":1,"minecraft:carrot":176,"minecraft:leather_helmet":2,"minecraft:stone_sword":1,"minecraft:rotten_flesh":2,"minecraft:diamond_chestplate":3,"minecraft:diamond":63,"minecraft:stone_axe":1,"minecraft:hay_block":19,"minecraft:golden_apple":32,"minecraft:gold_ingot":40,"minecraft:blaze_rod":22,"minecraft:cobblestone":12,"minecraft:ender_pearl":16},"minecraft:killed_by":{"minecraft:player":1,"minecraft:stray":1,"minecraft:iron_golem":7},"minecraft:dropped":{"minecraft:stone_axe":1,"minecraft:kelp":1,"minecraft:wheat_seeds":1,"minecraft:stone_sword":1,"minecraft:diamond_leggings":2,"minecraft:composter":1,"minecraft:cobblestone":6,"minecraft:rotten_flesh":2,"minecraft:oak_planks":1,"minecraft:iron_boots":5,"minecraft:leather_helmet":2,"minecraft:poppy":2,"minecraft:diamond_chestplate":2,"minecraft:spruce_planks":3,"minecraft:iron_chestplate":2,"minecraft:diamond_helmet":1,"minecraft:chest":20,"minecraft:leather_leggings":3,"minecraft:wooden_pickaxe":2,"minecraft:stone_pickaxe":1,"minecraft:string":3,"minecraft:bone":2},"minecraft:broken":{"minecraft:wooden_axe":1}},"DataVersion":3465}