{"stats":{"minecraft:custom":{"minecraft:jump":135,"minecraft:damage_dealt":266,"minecraft:time_since_rest":254,"minecraft:damage_taken":1921,"minecraft:leave_game":1,"minecraft:time_since_death":109,"minecraft:crouch_one_cm":79,"minecraft:play_time":9273,"minecraft:sprint_one_cm":16038,"minecraft:walk_one_cm":14067,"minecraft:walk_on_water_one_cm":948,"minecraft:deaths":6,"minecraft:total_world_time":9273,"minecraft:sneak_time":10,"minecraft:climb_one_cm":608,"minecraft:fall_one_cm":6101,"minecraft:drop":1,"minecraft:fly_one_cm":32497},"minecraft:picked_up":{"minecraft:rotten_flesh":2},"minecraft:killed_by":{"minecraft:iron_golem":6},"minecraft:dropped":{"minecraft:rotten_flesh":2}},"DataVersion":3465}