{
  "minecraft:recipes/decorations/crafting_table": {
    "criteria": {
      "unlock_right_away": "2024-09-15 04:58:45 +0000"
    },
    "done": true
  },
  "minecraft:adventure/adventuring_time": {
    "criteria": {
      "minecraft:birch_forest": "2024-09-15 05:46:27 +0000",
      "minecraft:forest": "2024-09-15 05:53:55 +0000",
      "minecraft:old_growth_birch_forest": "2024-09-15 04:58:47 +0000",
      "minecraft:plains": "2024-09-15 06:43:22 +0000"
    },
    "done": false
  },
  "DataVersion": 3465
}