{
  "minecraft:recipes/decorations/crafting_table": {
    "criteria": {
      "unlock_right_away": "2024-09-15 05:18:44 +0000"
    },
    "done": true
  },
  "minecraft:adventure/adventuring_time": {
    "criteria": {
      "minecraft:snowy_slopes": "2024-09-15 22:11:29 +0000",
      "minecraft:cherry_grove": "2024-09-15 22:05:40 +0000",
      "minecraft:sunflower_plains": "2024-09-15 22:11:05 +0000",
      "minecraft:birch_forest": "2024-09-16 21:58:09 +0000",
      "minecraft:savanna_plateau": "2024-09-15 22:05:14 +0000",
      "minecraft:beach": "2024-09-16 22:29:50 +0000",
      "minecraft:sparse_jungle": "2024-09-15 22:14:37 +0000",
      "minecraft:river": "2024-09-15 22:03:07 +0000",
      "minecraft:forest": "2024-09-15 21:31:09 +0000",
      "minecraft:jungle": "2024-09-16 22:20:07 +0000",
      "minecraft:old_growth_birch_forest": "2024-09-15 05:18:44 +0000",
      "minecraft:savanna": "2024-09-15 22:02:02 +0000",
      "minecraft:plains": "2024-09-15 22:03:08 +0000"
    },
    "done": false
  },
  "minecraft:adventure/root": {
    "criteria": {
      "killed_by_something": "2024-09-15 21:34:02 +0000"
    },
    "done": true
  },
  "DataVersion": 3465
}