{
  "minecraft:recipes/decorations/crafting_table": {
    "criteria": {
      "unlock_right_away": "2024-09-15 05:18:44 +0000"
    },
    "done": true
  },
  "minecraft:adventure/adventuring_time": {
    "criteria": {
      "minecraft:forest": "2024-09-15 21:31:09 +0000",
      "minecraft:old_growth_birch_forest": "2024-09-15 05:18:44 +0000"
    },
    "done": false
  },
  "minecraft:adventure/root": {
    "criteria": {
      "killed_by_something": "2024-09-15 21:34:02 +0000"
    },
    "done": true
  },
  "DataVersion": 3465
}