{"elements":[{"from":[2.5714283,-10.400002,7.9714284],"to":[13.428572,7.885714,8.028571],"rotation":{"angle":0.0,"axis":"y","origin":[8.0,-1.257144,8.0]},"faces":{"east":{"uv":[0.875,10.625,1.0,14.625],"rotation":0,"texture":"#0","tintindex":0},"south":{"uv":[3.75,4.0,6.125,8.0],"rotation":0,"texture":"#0","tintindex":0},"north":{"uv":[6.125,4.0,3.75,8.0],"rotation":0,"texture":"#0","tintindex":0},"west":{"uv":[3.75,10.875,3.875,14.875],"rotation":0,"texture":"#0","tintindex":0},"up":{"uv":[12.25,5.625,9.875,5.5],"rotation":0,"texture":"#0","tintindex":0},"down":{"uv":[12.25,5.625,9.875,5.75],"rotation":0,"texture":"#0","tintindex":0}}}],"textures":{"0":"modelengine:entity/cizha_the_scarecrow_raven_minion"},"display":{"head":{"translation":[0.0,-6.4,0.0],"scale":[4.0,4.0,4.0]}}}