{"elements":[{"from":[2.8571424,8.0,2.8571424],"to":[12.0,17.142857,12.0],"rotation":{"angle":0.0,"axis":"y","origin":[8.0,8.0,8.0]},"faces":{"east":{"uv":[0.0,6.375,2.0,8.375],"rotation":0,"texture":"#0","tintindex":0},"south":{"uv":[0.0,6.375,2.0,8.375],"rotation":0,"texture":"#0","tintindex":0},"north":{"uv":[0.0,4.375,2.0,6.375],"rotation":0,"texture":"#0","tintindex":0},"west":{"uv":[2.0,6.375,0.0,8.375],"rotation":0,"texture":"#0","tintindex":0},"up":{"uv":[4.125,0.0,6.125,2.0],"rotation":0,"texture":"#0","tintindex":0},"down":{"uv":[4.125,0.0,6.125,2.0],"rotation":0,"texture":"#0","tintindex":0}}},{"from":[6.857143,17.142857,6.857143],"to":[8.0,20.0,8.0],"rotation":{"angle":0.0,"axis":"y","origin":[8.0,8.0,8.0]},"faces":{"east":{"uv":[5.875,2.0,6.125,2.625],"rotation":0,"texture":"#0","tintindex":0},"south":{"uv":[5.875,2.0,6.125,2.625],"rotation":0,"texture":"#0","tintindex":0},"north":{"uv":[5.875,2.0,6.125,2.625],"rotation":0,"texture":"#0","tintindex":0},"west":{"uv":[5.875,2.0,6.125,2.625],"rotation":0,"texture":"#0","tintindex":0},"up":{"uv":[5.875,2.0,6.125,2.25],"rotation":0,"texture":"#0","tintindex":0},"down":{"uv":[5.875,2.0,6.125,2.25],"rotation":0,"texture":"#0","tintindex":0}}},{"from":[4.5714283,17.142857,7.3714285],"to":[10.285714,24.0,7.428571],"rotation":{"angle":0.0,"axis":"y","origin":[8.0,8.0,8.0]},"faces":{"east":{"uv":[12.5,13.125,13.1375,14.625],"rotation":0,"texture":"#0","tintindex":0},"south":{"uv":[5.875,2.0,4.625,3.5],"rotation":0,"texture":"#0","tintindex":0},"north":{"uv":[4.625,2.0,5.875,3.5],"rotation":0,"texture":"#0","tintindex":0},"west":{"uv":[12.25,13.5,13.1375,15.0],"rotation":0,"texture":"#0","tintindex":0},"up":{"uv":[12.625,14.3625,13.875,16.0],"rotation":0,"texture":"#0","tintindex":0},"down":{"uv":[13.125,13.4875,14.375,16.0],"rotation":0,"texture":"#0","tintindex":0}}}],"textures":{"0":"modelengine:entity/cizha_the_scarecrow_raven_minion"},"display":{"head":{"translation":[0.0,-6.4,0.0],"scale":[4.0,4.0,4.0]}}}