{"elements":[{"from":[3.5879698,7.3714285,7.9428573],"to":[11.930827,7.428571,12.571428],"rotation":{"angle":0.0,"axis":"y","origin":[7.7593985,3.985714,10.257143]},"faces":{"east":{"uv":[16.0,11.25,15.0,14.25],"rotation":0,"texture":"#0","tintindex":0},"south":{"uv":[15.75,11.875,13.875,14.875],"rotation":0,"texture":"#0","tintindex":0},"north":{"uv":[13.875,11.25,15.75,14.25],"rotation":0,"texture":"#0","tintindex":0},"west":{"uv":[13.625,9.75,14.625,12.75],"rotation":0,"texture":"#0","tintindex":0},"up":{"uv":[9.875,4.75,8.0,3.75],"rotation":0,"texture":"#0","tintindex":0},"down":{"uv":[9.875,3.75,8.0,4.75],"rotation":0,"texture":"#0","tintindex":0}}},{"from":[3.5879698,-6.285715,7.9428573],"to":[3.6451125,7.428571,12.571428],"rotation":{"angle":0.0,"axis":"y","origin":[7.7593985,3.985714,10.257143]},"faces":{"east":{"uv":[3.75,7.5,2.75,10.5],"rotation":0,"texture":"#0","tintindex":0},"south":{"uv":[16.0,13.0,14.125,16.0],"rotation":0,"texture":"#0","tintindex":0},"north":{"uv":[14.125,13.0,16.0,16.0],"rotation":0,"texture":"#0","tintindex":0},"west":{"uv":[2.75,7.5,3.75,10.5],"rotation":0,"texture":"#0","tintindex":0},"up":{"uv":[15.75,15.125,13.875,14.125],"rotation":0,"texture":"#0","tintindex":0},"down":{"uv":[16.0,14.25,14.125,15.25],"rotation":0,"texture":"#0","tintindex":0}}},{"from":[11.873684,-6.285715,7.9428573],"to":[11.930827,7.428571,12.571428],"rotation":{"angle":0.0,"axis":"y","origin":[7.7593985,3.985714,10.257143]},"faces":{"east":{"uv":[3.75,7.5,2.75,10.5],"rotation":0,"texture":"#0","tintindex":0},"south":{"uv":[16.0,13.0,14.125,16.0],"rotation":0,"texture":"#0","tintindex":0},"north":{"uv":[14.125,13.0,16.0,16.0],"rotation":0,"texture":"#0","tintindex":0},"west":{"uv":[2.75,7.5,3.75,10.5],"rotation":0,"texture":"#0","tintindex":0},"up":{"uv":[15.75,15.125,13.875,14.125],"rotation":0,"texture":"#0","tintindex":0},"down":{"uv":[16.0,14.25,14.125,15.25],"rotation":0,"texture":"#0","tintindex":0}}},{"from":[3.5879698,-6.285715,7.9428573],"to":[11.930827,7.428571,8.0],"rotation":{"angle":0.0,"axis":"y","origin":[7.7593985,3.985714,10.257143]},"faces":{"east":{"uv":[15.875,12.5,14.875,15.5],"rotation":0,"texture":"#0","tintindex":0},"south":{"uv":[8.0,0.0,6.125,3.0],"rotation":0,"texture":"#0","tintindex":0},"north":{"uv":[6.125,0.0,8.0,3.0],"rotation":0,"texture":"#0","tintindex":0},"west":{"uv":[14.0,12.5,15.0,15.5],"rotation":0,"texture":"#0","tintindex":0},"up":{"uv":[16.0,14.5,14.125,13.5],"rotation":0,"texture":"#0","tintindex":0},"down":{"uv":[9.875,4.75,8.0,5.75],"rotation":0,"texture":"#0","tintindex":0}}},{"from":[3.5879698,-6.285715,12.514286],"to":[11.930827,7.428571,12.571428],"rotation":{"angle":0.0,"axis":"y","origin":[7.7593985,3.985714,10.257143]},"faces":{"east":{"uv":[15.875,12.5,14.875,15.5],"rotation":0,"texture":"#0","tintindex":0},"south":{"uv":[8.0,0.0,6.125,3.0],"rotation":0,"texture":"#0","tintindex":0},"north":{"uv":[6.125,0.0,8.0,3.0],"rotation":0,"texture":"#0","tintindex":0},"west":{"uv":[14.0,12.5,15.0,15.5],"rotation":0,"texture":"#0","tintindex":0},"up":{"uv":[16.0,14.5,14.125,13.5],"rotation":0,"texture":"#0","tintindex":0},"down":{"uv":[9.875,4.75,8.0,5.75],"rotation":0,"texture":"#0","tintindex":0}}}],"textures":{"0":"modelengine:entity/cizha_the_scarecrow_raven_minion"},"display":{"head":{"translation":[0.0,-6.4,0.0],"scale":[4.0,4.0,4.0]}}}