{"elements":[{"from":[4.845113,7.9428573,6.8],"to":[11.130827,8.0,11.428572],"rotation":{"angle":0.0,"axis":"y","origin":[8.0165415,12.828571,9.114285]},"faces":{"east":{"uv":[13.625,10.75,14.625,11.5],"rotation":0,"texture":"#0","tintindex":0},"south":{"uv":[15.875,11.875,14.5,12.625],"rotation":0,"texture":"#0","tintindex":0},"north":{"uv":[14.0,11.0,15.375,11.75],"rotation":0,"texture":"#0","tintindex":0},"west":{"uv":[13.875,11.125,12.875,11.875],"rotation":0,"texture":"#0","tintindex":0},"up":{"uv":[6.5,10.125,5.125,9.125],"rotation":0,"texture":"#0","tintindex":0},"down":{"uv":[6.5,9.125,5.125,10.125],"rotation":0,"texture":"#0","tintindex":0}}},{"from":[4.845113,8.0,6.8],"to":[4.9022555,11.428572,11.428572],"rotation":{"angle":0.0,"axis":"y","origin":[8.0165415,12.828571,9.114285]},"faces":{"east":{"uv":[10.125,0.875,11.125,1.625],"rotation":0,"texture":"#0","tintindex":0},"south":{"uv":[15.0,13.625,13.625,14.375],"rotation":0,"texture":"#0","tintindex":0},"north":{"uv":[13.5,13.375,14.875,14.125],"rotation":0,"texture":"#0","tintindex":0},"west":{"uv":[11.125,0.875,10.125,1.625],"rotation":0,"texture":"#0","tintindex":0},"up":{"uv":[15.25,14.75,13.875,13.75],"rotation":0,"texture":"#0","tintindex":0},"down":{"uv":[15.125,13.625,13.75,14.625],"rotation":0,"texture":"#0","tintindex":0}}},{"from":[11.073685,8.0,6.8],"to":[11.130827,11.428572,11.428572],"rotation":{"angle":0.0,"axis":"y","origin":[8.0165415,12.828571,9.114285]},"faces":{"east":{"uv":[10.125,0.875,11.125,1.625],"rotation":0,"texture":"#0","tintindex":0},"south":{"uv":[15.0,13.625,13.625,14.375],"rotation":0,"texture":"#0","tintindex":0},"north":{"uv":[13.5,13.375,14.875,14.125],"rotation":0,"texture":"#0","tintindex":0},"west":{"uv":[11.125,0.875,10.125,1.625],"rotation":0,"texture":"#0","tintindex":0},"up":{"uv":[15.25,14.75,13.875,13.75],"rotation":0,"texture":"#0","tintindex":0},"down":{"uv":[15.125,13.625,13.75,14.625],"rotation":0,"texture":"#0","tintindex":0}}},{"from":[4.845113,8.0,6.8],"to":[11.130827,11.428572,6.857143],"rotation":{"angle":0.0,"axis":"y","origin":[8.0165415,12.828571,9.114285]},"faces":{"east":{"uv":[14.625,15.25,15.625,16.0],"rotation":0,"texture":"#0","tintindex":0},"south":{"uv":[11.125,6.625,9.75,7.375],"rotation":0,"texture":"#0","tintindex":0},"north":{"uv":[9.75,6.625,11.125,7.375],"rotation":0,"texture":"#0","tintindex":0},"west":{"uv":[14.125,12.5,13.125,13.25],"rotation":0,"texture":"#0","tintindex":0},"up":{"uv":[14.875,16.0,13.5,15.0],"rotation":0,"texture":"#0","tintindex":0},"down":{"uv":[14.625,14.125,13.25,15.125],"rotation":0,"texture":"#0","tintindex":0}}},{"from":[4.845113,8.0,11.3714285],"to":[11.130827,11.428572,11.428572],"rotation":{"angle":0.0,"axis":"y","origin":[8.0165415,12.828571,9.114285]},"faces":{"east":{"uv":[14.625,15.25,15.625,16.0],"rotation":0,"texture":"#0","tintindex":0},"south":{"uv":[11.125,6.625,9.75,7.375],"rotation":0,"texture":"#0","tintindex":0},"north":{"uv":[9.75,6.625,11.125,7.375],"rotation":0,"texture":"#0","tintindex":0},"west":{"uv":[14.125,12.5,13.125,13.25],"rotation":0,"texture":"#0","tintindex":0},"up":{"uv":[14.875,16.0,13.5,15.0],"rotation":0,"texture":"#0","tintindex":0},"down":{"uv":[14.625,14.125,13.25,15.125],"rotation":0,"texture":"#0","tintindex":0}}},{"from":[3.7022552,11.428572,6.8],"to":[12.2736845,17.714287,6.857143],"rotation":{"angle":0.0,"axis":"y","origin":[8.0165415,12.828571,9.114285]},"faces":{"east":{"uv":[13.25,13.125,14.25,14.5],"rotation":0,"texture":"#0","tintindex":0},"south":{"uv":[6.125,7.75,8.0,9.125],"rotation":0,"texture":"#0","tintindex":0},"north":{"uv":[6.125,7.75,8.0,9.125],"rotation":0,"texture":"#0","tintindex":0},"west":{"uv":[14.75,14.5,13.75,15.875],"rotation":0,"texture":"#0","tintindex":0},"up":{"uv":[14.125,13.0,12.25,12.0],"rotation":0,"texture":"#0","tintindex":0},"down":{"uv":[15.375,14.0,13.5,15.0],"rotation":0,"texture":"#0","tintindex":0}}},{"from":[3.7022552,11.428572,11.3714285],"to":[12.2736845,17.714287,11.428572],"rotation":{"angle":0.0,"axis":"y","origin":[8.0165415,12.828571,9.114285]},"faces":{"east":{"uv":[13.25,13.125,14.25,14.5],"rotation":0,"texture":"#0","tintindex":0},"south":{"uv":[7.875,6.0,9.75,7.375],"rotation":0,"texture":"#0","tintindex":0},"north":{"uv":[7.875,6.0,9.75,7.375],"rotation":0,"texture":"#0","tintindex":0},"west":{"uv":[14.75,14.5,13.75,15.875],"rotation":0,"texture":"#0","tintindex":0},"up":{"uv":[14.125,13.0,12.25,12.0],"rotation":0,"texture":"#0","tintindex":0},"down":{"uv":[15.375,14.0,13.5,15.0],"rotation":0,"texture":"#0","tintindex":0}}},{"from":[12.2736845,11.428572,6.8],"to":[12.330828,17.714287,11.428572],"rotation":{"angle":0.0,"axis":"y","origin":[8.0165415,12.828571,9.114285]},"faces":{"east":{"uv":[6.5,9.125,7.5,10.5],"rotation":0,"texture":"#0","tintindex":0},"south":{"uv":[11.875,12.75,13.75,14.125],"rotation":0,"texture":"#0","tintindex":0},"north":{"uv":[11.5,12.875,13.375,14.25],"rotation":0,"texture":"#0","tintindex":0},"west":{"uv":[7.5,9.125,6.5,10.5],"rotation":0,"texture":"#0","tintindex":0},"up":{"uv":[14.0,14.375,12.125,13.375],"rotation":0,"texture":"#0","tintindex":0},"down":{"uv":[13.75,13.125,11.875,14.125],"rotation":0,"texture":"#0","tintindex":0}}},{"from":[3.7022552,11.428572,6.8],"to":[3.7593985,17.714287,11.428572],"rotation":{"angle":0.0,"axis":"y","origin":[8.0165415,12.828571,9.114285]},"faces":{"east":{"uv":[6.5,9.125,7.5,10.5],"rotation":0,"texture":"#0","tintindex":0},"south":{"uv":[11.875,12.75,13.75,14.125],"rotation":0,"texture":"#0","tintindex":0},"north":{"uv":[11.5,12.875,13.375,14.25],"rotation":0,"texture":"#0","tintindex":0},"west":{"uv":[7.5,9.125,6.5,10.5],"rotation":0,"texture":"#0","tintindex":0},"up":{"uv":[14.0,14.375,12.125,13.375],"rotation":0,"texture":"#0","tintindex":0},"down":{"uv":[13.75,13.125,11.875,14.125],"rotation":0,"texture":"#0","tintindex":0}}},{"from":[3.7022552,11.3714285,6.8],"to":[12.2736845,11.428572,11.428572],"rotation":{"angle":0.0,"axis":"y","origin":[8.0165415,12.828571,9.114285]},"faces":{"east":{"uv":[13.5,14.125,14.5,15.5],"rotation":0,"texture":"#0","tintindex":0},"south":{"uv":[13.125,14.25,15.0,15.625],"rotation":0,"texture":"#0","tintindex":0},"north":{"uv":[12.375,14.125,14.25,15.5],"rotation":0,"texture":"#0","tintindex":0},"west":{"uv":[14.0,14.125,13.0,15.5],"rotation":0,"texture":"#0","tintindex":0},"up":{"uv":[9.875,3.75,8.0,2.75],"rotation":0,"texture":"#0","tintindex":0},"down":{"uv":[9.875,2.75,8.0,3.75],"rotation":0,"texture":"#0","tintindex":0}}},{"from":[3.7022552,17.657143,6.8],"to":[12.2736845,17.714287,11.428572],"rotation":{"angle":0.0,"axis":"y","origin":[8.0165415,12.828571,9.114285]},"faces":{"east":{"uv":[13.5,14.125,14.5,15.5],"rotation":0,"texture":"#0","tintindex":0},"south":{"uv":[13.125,14.25,15.0,15.625],"rotation":0,"texture":"#0","tintindex":0},"north":{"uv":[12.375,14.125,14.25,15.5],"rotation":0,"texture":"#0","tintindex":0},"west":{"uv":[14.0,14.125,13.0,15.5],"rotation":0,"texture":"#0","tintindex":0},"up":{"uv":[9.875,3.75,8.0,2.75],"rotation":0,"texture":"#0","tintindex":0},"down":{"uv":[9.875,2.75,8.0,3.75],"rotation":0,"texture":"#0","tintindex":0}}}],"textures":{"0":"modelengine:entity/cizha_the_scarecrow_raven_minion"},"display":{"head":{"translation":[0.0,-6.4,0.0],"scale":[4.0,4.0,4.0]}}}