{"elements":[{"from":[8.885715,-5.8571434,2.4285712],"to":[8.942857,11.285714,19.57143],"rotation":{"angle":0.0,"axis":"y","origin":[8.926316,1.0142851,8.157143]},"faces":{"east":{"uv":[0.0,0.0,3.75,3.75],"rotation":0,"texture":"#0","tintindex":0},"south":{"uv":[4.125,10.875,4.0,14.625],"rotation":0,"texture":"#0","tintindex":0},"north":{"uv":[4.0,10.875,3.875,14.625],"rotation":0,"texture":"#0","tintindex":0},"west":{"uv":[3.75,0.0,0.0,3.75],"rotation":0,"texture":"#0","tintindex":0},"up":{"uv":[4.125,14.625,4.25,10.875],"rotation":0,"texture":"#0","tintindex":0},"down":{"uv":[4.25,10.875,4.375,14.625],"rotation":0,"texture":"#0","tintindex":0}}},{"from":[8.040602,-1.2857151,5.285714],"to":[9.81203,-1.2285719,7.0],"rotation":{"angle":0.0,"axis":"y","origin":[8.926316,1.0142851,8.157143]},"faces":{"east":{"uv":[7.875,13.25,8.25,15.25],"rotation":0,"texture":"#0","tintindex":0},"south":{"uv":[8.25,13.875,8.625,15.875],"rotation":0,"texture":"#0","tintindex":0},"north":{"uv":[9.125,13.75,8.75,15.75],"rotation":0,"texture":"#0","tintindex":0},"west":{"uv":[8.5,13.25,8.125,15.25],"rotation":0,"texture":"#0","tintindex":0},"up":{"uv":[9.5,2.5,9.875,2.125],"rotation":0,"texture":"#0","tintindex":0},"down":{"uv":[9.5,2.125,9.875,2.5],"rotation":0,"texture":"#0","tintindex":0}}},{"from":[9.754888,-1.2857151,5.285714],"to":[9.81203,7.857143,7.0],"rotation":{"angle":0.0,"axis":"y","origin":[8.926316,1.0142851,8.157143]},"faces":{"east":{"uv":[6.0,10.125,6.375,12.125],"rotation":0,"texture":"#0","tintindex":0},"south":{"uv":[5.75,14.0,6.125,16.0],"rotation":0,"texture":"#0","tintindex":0},"north":{"uv":[6.125,14.0,5.75,16.0],"rotation":0,"texture":"#0","tintindex":0},"west":{"uv":[6.375,10.125,6.0,12.125],"rotation":0,"texture":"#0","tintindex":0},"up":{"uv":[9.5,2.5,9.875,2.125],"rotation":0,"texture":"#0","tintindex":0},"down":{"uv":[9.5,2.125,9.875,2.5],"rotation":0,"texture":"#0","tintindex":0}}},{"from":[8.040602,-1.2857151,5.285714],"to":[8.097744,7.857143,7.0],"rotation":{"angle":0.0,"axis":"y","origin":[8.926316,1.0142851,8.157143]},"faces":{"east":{"uv":[6.0,10.125,6.375,12.125],"rotation":0,"texture":"#0","tintindex":0},"south":{"uv":[5.75,14.0,6.125,16.0],"rotation":0,"texture":"#0","tintindex":0},"north":{"uv":[6.125,14.0,5.75,16.0],"rotation":0,"texture":"#0","tintindex":0},"west":{"uv":[6.375,10.125,6.0,12.125],"rotation":0,"texture":"#0","tintindex":0},"up":{"uv":[9.5,2.5,9.875,2.125],"rotation":0,"texture":"#0","tintindex":0},"down":{"uv":[9.5,2.125,9.875,2.5],"rotation":0,"texture":"#0","tintindex":0}}},{"from":[8.040602,-1.2857151,5.285714],"to":[9.81203,7.857143,5.342857],"rotation":{"angle":0.0,"axis":"y","origin":[8.926316,1.0142851,8.157143]},"faces":{"east":{"uv":[10.375,12.75,10.75,14.75],"rotation":0,"texture":"#0","tintindex":0},"south":{"uv":[5.625,10.125,6.0,12.125],"rotation":0,"texture":"#0","tintindex":0},"north":{"uv":[6.0,10.125,5.625,12.125],"rotation":0,"texture":"#0","tintindex":0},"west":{"uv":[11.125,12.625,10.75,14.625],"rotation":0,"texture":"#0","tintindex":0},"up":{"uv":[13.0,5.75,13.375,5.375],"rotation":0,"texture":"#0","tintindex":0},"down":{"uv":[13.125,5.375,13.5,5.75],"rotation":0,"texture":"#0","tintindex":0}}},{"from":[8.040602,-1.2857151,7.0],"to":[9.81203,7.857143,7.0571427],"rotation":{"angle":0.0,"axis":"y","origin":[8.926316,1.0142851,8.157143]},"faces":{"east":{"uv":[10.375,12.75,10.75,14.75],"rotation":0,"texture":"#0","tintindex":0},"south":{"uv":[5.625,10.125,6.0,12.125],"rotation":0,"texture":"#0","tintindex":0},"north":{"uv":[6.0,10.125,5.625,12.125],"rotation":0,"texture":"#0","tintindex":0},"west":{"uv":[11.125,12.625,10.75,14.625],"rotation":0,"texture":"#0","tintindex":0},"up":{"uv":[13.0,5.75,13.375,5.375],"rotation":0,"texture":"#0","tintindex":0},"down":{"uv":[13.125,5.375,13.5,5.75],"rotation":0,"texture":"#0","tintindex":0}}}],"textures":{"0":"modelengine:entity/cizha_the_scarecrow_raven_minion"},"display":{"head":{"translation":[0.0,-6.4,0.0],"scale":[4.0,4.0,4.0]}}}